video_id,is_understandable
--uQR16bKD8,0
-8wPY3vFR_A,1
-B-HaLGqQRM,1
-DGB139NQg8,1
-DgvdrXc3ko,0
-F8PZyqms3U,0
-O_E1UWn7uE,0
-OcOA2cE5w4,1
-SE6qHgJYm0,1
-UfkH83KeC8,1
-Y8KuNWQQ9Q,1
-Yy-KYj-lBw,1
-_y1b3X80EA,1
-a4HVaw8rNE,1
-cMlDHvdeWQ,1
-gOE6NWC-r0,0
-ks0hNR8blI,0
-mw-gyN054o,1
-oJFHEByRPw,1
-pSSzZZch8Y,1
-rUGADJf8MI,1
-vUZqrsBPvU,1
0037qEU7iHY,1
048MToVYJmI,0
04ZmEPOjrw4,1
05G3hfCd8O0,1
08hdxfjlMR4,1
0DNUVlGgTIo,1
0DQZxvbD-Es,1
0DfihOFKmzc,1
0F0LNR5OXwo,1
0GyVL3Jafks,1
0I1apTZu-2s,1
0K4NKzMNfCI,1
0KWHndFZ6mc,1
0M9uEVj9qx0,1
0OIf3CzjQVo,1
0PTSL9qCqQQ,1
0RgqpvAs0O0,1
0SdnZ5Oe6wU,1
0Xmk-O8PZ7I,1
0Y_H9rC7HjY,1
0Zp7uPIyllo,1
0_gFDk3K3J8,1
0_vHsNOiHfQ,0
0c6RzAgaWSs,1
0dXxtkMGYJ4,0
0fI_01yFmME,1
0fYXVAn-CCs,1
0hIP6fan87Y,0
0o1wQZokePs,1
0p0fBn7gPyc,1
0pPrX8IvRYM,1
0w2Lo_nYRPs,0
0xAYdBFKMHk,1
12Ec8VFBBJU,0
14IPpNZKpGw,0
15x2LUjx_Dk,1
16ECfRFtuXk,1
19_kVnsbVks,1
19qKiwQZF6s,1
1FUrNRf84k4,0
1FjuMB6pRyM,1
1N6kqKjpGX4,1
1NdUceHU8jI,0
1PjyIgp0vck,1
1Qqef5XHazY,0
1RNZCQZ0Jc8,0
1V4nben5SWM,0
1aDSEnTdTTg,1
1ddqWlRpMGA,1
1eMZZrrOds8,1
1g1Gqmyuntw,1
1hsP3HxFspI,1
1ihutUU87eQ,1
1kuPXGv1Zo0,0
1oVy3s5a00Q,0
1r6J-PUSVuk,1
1rLIyYJkRN4,1
1tRL-3tDG4M,1
1v2-xH8o-Jk,1
1wACYbm3fWE,1
1x16GljWewo,1
1xVsO9MyRC4,1
1yUiXRlQmrg,0
22Ty9QW1x5A,1
255fQTWPjLc,1
25s5DMnRixA,1
285rrHITwQ8,1
28FuV1M3YK4,1
2A8uKo5t5oE,0
2DTTSvl9MZ0,0
2EIAKgZjcB4,1
2FiXnrAasPA,1
2Ife8c6RHls,1
2J6WUkDBrWU,1
2KJ2WTWAwi8,0
2OAPveVvBZE,1
2PKtO5qgtTU,1
2QKwDGlpVBo,1
2VGNMvwcZ_4,1
2WX9bq0jylU,1
2ZVIKm33OSg,1
2ZhrOUAH-Ms,1
2_M6tOdjhyU,1
2_S3Ifwc6pE,1
2b5H5dfDkpQ,1
2ba5QwyGIts,0
2dRMaAqYBiE,1
2ffgH6XdeJw,1
2fjVz3kVnaA,1
2g71uDwOqOE,0
2nIn28UmhN0,0
2pdhKw7-Bcw,1
2sGbpACkSBw,0
2sgjLRoTW6U,1
2y7_hW0r-KA,1
2zi6d7WffN4,1
33XHF1jM0ec,1
37xSeUlCF0c,1
38H0DS1tEow,1
3A5st5NlSb8,1
3Aw2zuF6pL4,0
3C8hSJhPM_c,1
3F3KdExu3Is,1
3Fnf2wMr1Lc,1
3JRKq3l5juw,1
3KzgtcRaNxw,1
3Q_Pmf5L4vw,1
3ULGjJENUU4,1
3V6pHnzQV2I,1
3YHRys57nVI,1
3YY_2TSC1kY,1
3e6Ok8BFqYo,1
3h86G04DrxQ,1
3iGLfS5PRyY,1
3ihszthnayg,0
3k4Dc7saXzQ,1
3kOElXz0vVg,1
3kgHXxW9XaE,0
3lVXurnurXo,0
3m0vW_ejQwY,1
3nKK-9wM7sA,1
3oRTawBYIDk,1
3rMay9yNYYQ,1
3thMvCaALDc,0
3xBoVClIOXs,1
43PWKVRHdHU,1
44cLsk09rN8,1
4DPaiwanZmo,1
4DhN2CpNWzY,1
4EBUSmSh9Ew,1
4Eb_iMpNFcA,1
4EflwSP2EJk,0
4FP1kfHmxf8,1
4FsNXTPOlU4,1
4Hch-iQuCgw,1
4JNPNawfbBA,1
4LAI8_eIr7g,1
4Li5l4YG3i4,1
4Q-oIndKj3A,1
4TwLNSc5jLE,1
4Zxvm3MSb8k,1
4czrkm7S1Rk,1
4ieT1N2B_Ww,1
4kPFuxWn-WY,1
4nke5FR3B8Q,1
4s_XF3NJTvA,1
4v1fxR5lgbk,1
4w6__b_TV4Y,1
5-aBc5GrLUw,0
51bRSMepzZ8,0
53nSYd7rkBQ,1
57E0mZvygpc,1
5ACyY3UzLYA,1
5CMjNnn9Qds,1
5CoiTOiNWxo,0
5DGn6xjdvzU,1
5ESAlImjJ8s,1
5GJwAa6eFag,1
5H5OZOWWCqI,1
5LRHP3sYThs,1
5M9tz38lrvQ,1
5OOtWbywkls,1
5P7iL1sO1U4,1
5UYVmBsASws,1
5YG5fnuJmNQ,1
5YvJEANB_OE,1
5bEVFzJQNIQ,1
5bv82bVnm2Q,1
5kUzMfvL-u0,0
5luYA35UPqk,1
5oR3tvB9wM0,1
5sLIIxfENpk,1
5z5tS427w3M,1
5zVO8qosRu0,1
6-0CvKbDtPs,1
60nv9HR7l3c,0
62TiP9HlXNk,1
63Al6PQ7ma0,1
65-pbNnw6lA,1
66Uv-ZwBY88,1
67z06JNHqDg,1
68XsPhyMEZA,0
6DDGrjVRevo,1
6FpNp3Uy04Q,1
6HmrD6hkuFA,0
6INZhigA4Nc,1
6PHpJYFtdiM,1
6Pdbj_7rOKo,0
6Pi9IVPATVA,0
6clBivgLmXI,1
6h3Q0dvghIg,0
6hZ5e8hucck,1
6qMf_HCem4E,1
6yqtliOykqI,1
71gCL53Tl24,1
74WgJHBRDxI,1
76MIBypbQXE,1
78qx3Nm1Tn0,1
7AgLqCHrFng,1
7C8kaUMPMcc,1
7F5l2P1cp2A,1
7N34Rfh0Luw,1
7SALG0DJB68,1
7Soy1ejS32Q,1
7StpZ9_nq4w,1
7WYkUta7YNw,1
7a7xiyTkEq0,1
7bV6Hvkx7sg,1
7flEoSSNGsY,1
7icHN2_qfig,0
7jH19g1XMuQ,1
7yrWedfurm4,1
843uqzmkONQ,0
86oF359FHUY,1
88h6CvWDFl4,1
8AdKbX3LLiM,0
8C-exOYRY4Q,1
8C61LbegC3E,1
8EP_4kEaoPE,1
8JCO70bph6s,1
8Loq9oE72TY,1
8NzEjR2nUag,1
8Ps7IBlAazk,0
8RTM3xScaWE,1
8T0MLKVPZmw,1
8XniQTxWRZs,1
8aVfKCcZhOQ,1
8eAgLpIHcrc,0
8eHFqkqJn2k,1
8hiQql7YoZk,1
8l1x82tkYiA,1
8lsPJJMTECc,1
8w-Y9QInwQg,1
8xWufzfdJbA,1
96OuQ4Huwvc,1
97WXn0ymAdA,1
98pNrNp6fOE,1
9ABIVusbOgg,0
9AMz_ZS9X2A,1
9B30ZUzpXwU,1
9C35-GsVgf0,1
9CNu2mauD-A,0
9E_XTiyK5sE,0
9G77To5l5Hk,0
9Gx-ML5efT4,0
9I2EIbxi63s,1
9LCl9pjTVRY,0
9PwfiOuHrjA,1
9QiQvxDjV5w,0
9RC0hgL_lgQ,0
9VF0hud9rW8,1
9VL8koL72g4,0
9eX0-Sy38Fk,0
9gJSE08sCtQ,1
9mJExw9ARAA,1
9nquNhUAju0,1
9oRaPL3oCUA,1
9oVLxfYex8Y,1
9rXedDBrVKY,1
9siZWzxrJHM,1
9tKDNZOqA6k,0
9ul6iIbCPQI,0
9uvt4Bhd8Uo,1
9vNijBQhcFE,1
9xBdFS9BOZ8,1
9xc27Rr5fXw,1
A0Q0XmmoMlo,1
A6ms95Ru9ys,1
ABm8iW5eWC8,1
AC3Wn6bRu-w,1
ACP-hdH06qo,1
AD2RtJPAhIU,1
AGAXmrt7AUI,1
AIb8ZO36zc0,1
AMkNYaXhhvU,1
AT7I5CFyKac,1
ATNxBh1zD5k,0
AWy8tBh8hkw,1
A_H2aJwNq4c,1
AaOZzqkbtN0,1
AcWWxJWVtIs,1
Ac_3V40qLrA,1
AduzVx9An_U,0
AfjuqWeBpQo,1
AfxIr59erBA,1
AgCrbjrKu3Y,1
AhN5Z5pfWW4,1
AjIy9AzhbxE,1
AkxVxcwk89g,1
AkyLroIAhIc,0
Al48yiqiS24,1
Al4HeG0SEOY,1
Ao3xoPbT7mY,1
Aoq1eFlWD5I,1
AqwJCeemxdg,0
Atra4d44WIo,0
AumWr7lU0mM,1
AvoDNblvFMQ,0
AwXputSuVeo,1
AxaM-imfTZQ,1
B1WItwQ54MY,1
B1hXPL7pgvs,1
B4b5hfFtVnk,1
B5kMgmK0bnw,1
B5xKbNVn3Rc,1
B9O_ZSr5BNM,0
B9RjImfEWAo,1
BG6rRen2Mi0,1
BGz7jrZEslA,0
BI5cMK2tySM,1
BMeObD_AmPo,1
BNxyk6BTd3w,0
BO65FLleG-U,0
BQ9G_YSbxcM,1
BTNQIROSPjY,1
BUERgWp34o4,0
BUWo33X6iRw,1
BXwyANaoHms,1
BYDzDjSGBy0,1
BanIGqOoEi0,1
BeH0DTnx3kE,1
BfLtqOL3hxw,1
BiGv2f9L5Fs,1
Bow5eOa8Jcg,1
BqLnHsi6Qgo,1
BsFn6tNQEo4,1
C-oGFBRT2hg,0
C0jGfS0IeUY,0
C0z6CudidMU,1
C1ccsAGhXnk,1
C1l6Ir3-ZpY,1
C3wIiVF_k-I,0
C5SHt_nZ4aQ,0
C62YxOnLe8A,1
C9eH-xmTB8g,0
CAnqxepSuZQ,1
CCvq2YLkSSs,1
CDU6aVcZ-EE,1
CI64AjXkq-w,0
CKgEvOIT0j0,1
CN05CDyEf-o,1
COpe6DZjy8M,1
CR_CUgLV8M8,1
CRa4fj0BEPY,1
CTt1UBx_HRI,1
CU10NW_Trts,1
CUUq7fLMruM,1
CVZBa7yBuh4,1
CXdGE_YffMc,1
CYRwlUJwqKQ,1
CbhEVSrmZMk,0
Cel78LhQ04w,1
ChUHSuyWguo,1
CjKCYRCuGqE,0
Ckfj5KiviHk,1
Cl56BYuRczw,0
CnJRnAiMkZY,1
Cp59BCMVHHc,1
Cq4ZFKQ_19o,1
CxlvqzrVpAk,1
CyS8ECTMQN4,1
CzthkYMLaFk,1
D08UtN4KUqM,0
D1UiscY-c9w,0
D1kDysDeGNc,1
D2amWNJM3Qc,1
D4s1_X7UubY,1
D5ERVbRA6OE,0
D8NFBRebBv0,1
DA-WQ8nMO7E,0
DH7ALsYX_JQ,0
DLX_QpDoUD4,0
DOu9IuNkObw,1
DTP8wlQS0Y8,1
DTz1gqtnMb8,1
DXnCwKr4xD8,1
DZpNjWfMioY,1
DcgXXxLHyCE,1
DeYUSwMprD0,1
DehY-Be783M,1
DgoVKIkCKEQ,1
Dh4AuC-syLU,1
DhIssYBngVo,1
Dj1SzImT_yI,0
DjYv6s6ePWY,1
DjkmLsl3K8A,1
DknR5EMqE2w,1
DkpesT4gUBI,1
Dt96d97_I7w,1
DtF1UrjollI,1
Dx5_e7qdJjE,1
E-wOxOakE8A,1
E0Am_KGBdUg,1
E0GWYsusrbc,1
E2WnbXOS4VI,1
E7roMzDCeAU,1
EBJrZIi6tsU,1
EE2NAv4VsbI,1
EFpLTuvsvW8,0
EIItnkDehow,1
ERz9My_l8XM,1
EbsM1jhu1Qo,1
EcBsjSBS_1Q,1
EdMLyJZ-FRM,1
Eed4BxANPls,0
EefMQdwxuKg,1
Eeo6m0Gzicw,1
EgVeZX8rZdc,1
EgxvU6XrHtI,1
Es0RNKAb5xQ,1
EupkJjsrV0s,1
Ewcgp-iYiUc,0
EwkaRBKOmtY,1
Ewq5GelNV1E,0
Ex1Nl6ECB1M,1
EyErv_J7goQ,1
EyHrj68ar2Q,1
Eydrd2P_iGY,1
EzKwIzujckE,1
F2xW1HO-g7k,1
F82fV_Hif-0,1
F8DuTf4RdC0,0
FB3oCPTz-us,1
FBIMwQLYvaE,1
FBuuj_1uQD8,1
FFpWVG1nRLQ,0
FH7aHDHnkjU,1
FIYJEMZN8D8,1
FKLSOqm8c6k,1
FMhbhFhRN2s,1
FNiBW4khGGs,1
FO7gVvl38Fw,1
FOywT4FXV-Y,0
FRHJ_0YX1M8,1
FR_uU3_WiPc,1
FW5BLDCxtdg,1
FaLTTq6LKWM,1
FbCumsphfIs,1
Fc41BZQTh-A,1
FhJc0aNd_-4,0
FllFoTFmyPg,1
FmGlGi7BCiE,1
FuFAutN7yvU,1
FutbHS0BzuU,1
Fwd32Xa3uwc,1
FySIVTsfjvs,0
FzsrvkMBNv0,1
G-LgFZmwMIY,1
G3CwpSpvlJM,1
G44-ul_xF4Y,1
G55tlheAfAg,1
G5S3DQiqjGo,1
G8xkRNuzVWs,1
G9g-vU3MdKs,1
GEQ29IUz13I,1
GEjafPoCahU,1
GKKqS0yfCaY,0
GLGKMbJL0zY,1
GLdj-jF2o30,1
GM8hdzbqt38,1
GMYhl28dBfk,1
GMkXQdu_QCg,1
GUcpQMuxskY,1
GYXxJVqAX1k,1
G_AS3u-FihA,1
GevbIiKImIs,1
GjwguQgnCK0,1
Gl1fRdQ4Xg0,1
GlxsdzjtFcU,0
GmogW5O95-I,0
GnNi7_OkCUQ,1
Gr_VvPglwiw,0
GtiPkAuoaTc,0
GuccJGtgbaM,1
GuwgWLB7EfI,1
H-fZPKSscbY,1
H3AbJfkCc3E,1
H5aM9a60eLM,1
HABnUjObdV0,1
HDzvaqdeqNA,1
HFA-BERo0a0,1
HH-bwzLwUwo,0
HHEkAReLt0A,1
HKTeAOiByLw,1
HLYe_UsgtVQ,0
HPfjbZ1qjF0,0
HTOrcXnOvQM,1
HW-rRaTRpNc,1
HYWmYJNg5Jw,1
Hc80DpVlVYY,1
HfKHpFF48X8,0
Hn5TItBcsLI,0
Hni-1dESzQc,1
Hohycb5N2uQ,1
HpZWaKoSMsI,0
Hpx8xSyeQAY,1
Hq5lLITW1L4,1
HsCqqnIvlz0,1
HySh85IZS5E,1
I12PMiX5h3E,0
I6ypRSWyeXc,0
IE-xepGLVt8,1
IJW1nCE7-t0,1
IOzOnoaWpUc,1
IRAogUCB6Xs,1
IVEWHlxrf5c,0
IcllEPIKJww,1
Idfgrq18WWY,1
Ig_M3CQMcRM,1
IgvyQDh83F8,1
Ikub1olZUTw,1
IlhqEf8EOCg,1
Im2IF0AjmM0,1
IocohcK9fNU,0
IqtDaTv8g3Q,1
IsQP8BzeCzQ,1
ItXLYLMrw4Y,1
IyE3lphxhTg,1
Iz2pHV22w78,1
IzFlvWDNWK8,1
J0MfQRQTUWU,1
J1KR5xxJh1c,1
J1j7i2TF7sc,0
J2tIgKLkf38,0
J4XP-uOl67M,1
JDNV3vxfPOA,1
JDjzkIC_y2c,0
JIXkf_i3kG0,1
JQuaHLnQgyg,1
JU-8g2x799s,1
JUx30vdQXeE,1
JW4lIySlfPo,1
JZAwgkuh6A4,1
JcfKoev76EQ,1
JeyxWy-Q3z8,1
Jh8nd9AmR6E,1
Ji7TURuEBaE,1
JoAceYLK6g8,1
JoRdbd-BjmA,1
JpGgw7nONM0,0
JtHDbQ4vHyM,0
Jx8mwpje-J4,0
Jxb8RVrgjQo,0
JxgcABT3jVM,0
Jz2dTdXJeqw,1
K-FJBb_kHnU,1
K5IsxDcxM14,1
KFerP18ONoA,0
KKywuYBJN_k,1
KLWMelePHsk,1
KNXNGrgRrjk,0
KPDmx9BwEAs,1
KQ54mmxUBXQ,0
KQQpWs5HEEc,1
KWnhR3pzZQg,0
KXWmRTzmkno,1
KY_vd_UwVGc,1
KYlWIGUYqro,1
K_bgiqredAI,1
KbgNpLZ-VIc,1
KdthH0rGjsE,1
Kdvm8L9U57E,1
KfL_n-QvZwI,1
KlNi7pml2cY,0
KmQ1gKpNkoQ,1
Kr3YhFavSlk,0
Kriob0nAuyU,1
KsAf-tMmpyg,1
KtnenSnI-TA,1
KvJtFDyf-p4,1
Kx5LKh8m6FE,1
KyhnIuouFeQ,1
L-7NqjKqqb8,1
L0ES-Z0Tjr0,0
L17XqtwyoxQ,1
L2ygtcDElwY,1
L3Bby-OLOvg,1
L3X6TRZb_Fw,1
L4xV-OqEKpA,0
L7OEN8JqJMc,1
L9urG01PmmA,0
LAK2p11AE3I,1
LHMeXXTFIuM,0
LJjkHywUjfc,1
LKy88G9VD34,1
LOI4-izIfAE,1
LQjcIW_p2Oc,1
LSlzbi2jOG8,1
LUM8-vDH-kI,0
LV5QOgGamZo,0
LVD_89gRUpA,1
LW8xpMrucOk,1
LWGCqj5_-14,0
LXBPENzeXvc,1
LXQiFqHUP1Q,1
L_OmHZfmP6E,0
L_dCXo8a3Z0,1
LbUCLSRKiS4,1
LcBaW2csTjo,1
LcmOfyetmdQ,0
LenqxLARhmU,1
LhcB_CNrDAs,1
LmZp4qBz7iM,1
LoXsufqM_F8,1
LojsVeF3Oh8,1
Lq2taGJseak,1
LsYFZiJM94E,1
LtUx9edYcK0,0
LuYT9cqvlLU,1
LvR1RxAeb5E,1
LwRaOcBxkpc,1
LwpWRxF4qIs,0
LxgD4qSV8x8,1
M2xBfIJ91PE,1
M3KyTmE1o3w,0
M3RcLg9z3yY,0
M6UHqLtybjw,0
M7-FQ9W3K90,1
M8MJONzbuTA,1
MBKPrbzDPHQ,1
MCYI-CNecy4,1
MFy3IcBckKs,1
MNg3rM5HWoY,1
MOdmXje8BIc,1
MX6prLdUAZo,1
MYoqyu4Aq1k,1
McEpJ7Dm1Rw,1
MdCkEOEsWkY,1
MeNyXo8EqPA,1
MeiTjOOP-gA,1
Mk9bCyhLx5w,0
MmOc_I2Jyvk,1
MqObiZJFosc,1
MqzkuanJjRw,1
Msd2axIsOwo,1
Mu72saPZV6U,1
N-eKjFN-Clg,1
N1swXNqhP8A,1
N9FEXFBbPtU,1
NGfWLmppEsQ,1
NHpvynUquvc,1
NJKGAbSZr_s,1
NTCIbyoCQ6Q,1
NUHVS0BYyFw,1
NUdOOHy1p8w,1
NUvVPjmSASI,0
NV5Lh1QsoQE,1
NXSx9i6Og0E,1
NYtHV6TABlE,1
N_cr5hZrGBQ,1
NeqmyJ_TK2U,1
NiWllGlVeSk,1
NjGBk1DSv5Q,1
NoL_BvJCROQ,1
NqJHlaNWfOA,1
Ns8SHmyVMwU,1
O0CxSNd1zPs,0
O1eVLFX1CCc,0
O3lBpOQW-uA,1
O4hNpHv_tLg,1
O9NsmoRrcbw,0
OBBE0-gjYCc,1
ODQhe0VB5kg,1
ODTpqdM4WL8,1
OH-z58O9UYk,0
OIabcrqiNC0,1
OLJ3THbhYUM,0
OR8RpW5Wn34,1
ORBEw4FjMhA,1
OSo7y4Xhe3E,1
OTKzvngCZ28,1
OVk4YXwJp98,1
OWcJwXmUhuk,1
OWlBVcOP2kQ,1
OXZh64zcx5s,1
OY2-Kei2mds,0
Oh3S03t9VZ4,1
Om0U4_PM0Wg,1
OqzieBZoqKc,1
Ov7xYrPNd1U,1
P1MfH2QpCxQ,1
P2sQ_UkE_38,1
P3CavmnL-Nc,0
P5yuETMKLq0,1
P7JVmhcO5PQ,1
P9qRbWTr980,0
PBzMMGvy3ME,1
PEeCzXN24mQ,1
PFUB_AU78Lw,1
PFrw54njj48,1
PGXe0YkNFhc,1
PGcYgfmdAgI,1
PMFdAYHAMh0,0
POskT8R_3t4,1
PPlFZ9m7sRs,1
PTPIEyI50Ko,1
PTUg-OffnHg,1
PTkkfOkCwUY,1
PU-rPtYkkRg,1
PVausUaUOEc,1
PVdt0exsBwA,0
PY3vS0jF9d4,1
PYpGIl443b4,1
PcBSh4X2VsE,0
PcaBYJ8Hxy0,1
PdX4VA2dNMs,0
PeHf-_LFW58,0
PewFZWf-1OA,0
PhVSxGhH92s,0
PrE6DnQkjdk,0
PsEu3F5PnBM,1
PxALYSzud2s,1
PybtdiEjJHE,1
Pz-jET3Tgfc,1
PzI1haY_Q3M,0
Q-W704aZFAY,1
Q-Z8B92DQDI,1
Q19yW66Ec0c,1
Q3NIDPxv1FE,1
Q3pJwDD9xts,1
Q4vdkCf7Xwg,1
Q7AmST-zobk,0
Q7MEYaJRc1c,1
QBUYa64o_4A,0
QCe8XZqlGNg,1
QFuvgdNZn7w,1
QG52CnLXfG0,1
QLX6gfrwXK8,1
QLdIEi7IGl8,1
QLzRT5kWsPE,1
QNOM2D-8HTQ,1
QNtm5tKDT-s,1
QOFgIOCS2hE,1
QPGH2cP4WGQ,0
QQK1zR6rUX4,1
QR_xbxJoEFY,1
QTXUASOFP4c,1
QX_qo-yAEuo,1
QXalz5kCJKk,1
Qf7D8p-EAUU,0
QfDjjQ2f8HU,1
QfT1CWNRAhs,1
QfwftqDZ0Cs,1
QgZx0cblW6E,0
QiqQf4m_Quc,1
Qj9PWgQhME8,1
QlxVHNB98zM,1
QmvPGSmuUQg,0
QozgxjwrX6c,0
QpnUrMs9biQ,1
QpqHgJNIccc,1
Qu0HUsfzsmc,1
QvNgfCLwmYc,1
QwTMQQURcoQ,1
QxVLKER065w,0
R0Et_b-xQbo,1
R2Z468hFs_A,0
R6taKRmLw2g,0
R90c0spsgpw,1
REO7QameDRM,0
RGhu0jmi64I,1
RGu-4oON4LE,1
RKO_yn2GXK4,1
RNwmNoxMl7k,1
ROstH3irbws,1
RP7clFVsYsk,0
RSIeM8UvmII,1
RU1barytFxY,0
RUs1AVUzBP0,1
RX_wdC0SAA8,1
RXk8Yh_Fecc,1
RcyIgDT1eYk,0
RewGkXkOPto,0
RgXVbmUZmHk,1
Riuu_1EL75s,0
RpiwRRDU8Mg,1
RzVItPnUGg0,0
S-wyikxv7jw,1
S0NReOVUwOg,1
S1vxtWLZW40,1
S400x_NWsHw,1
S4EJSgXmOTU,1
S8BCExUiu6w,1
S8EUEQSxB7o,1
S9J_U8Hmtu8,0
S9TEsJ4etBE,0
SFrgUXWI6IU,0
SFzsGg_-fnQ,0
SHdlRVRYKJw,1
SKATSZD-zJ0,1
SL60lZ_Zn9k,1
SLfYIwQlfXQ,1
SNcbcu44LMo,1
SQ5ZUBj90V8,0
SSDEgu1ZSeE,1
SVym7iEvqgI,1
S_liXaLkTwk,1
SbU7imzshS0,1
SerorAMH4D4,1
SgjZdWPkHs0,0
ShLVlAiBGKI,1
ShkjWPws7sE,1
SjLTPqkdwEE,1
SkUSkQ-N26U,1
SlHROgv-iQw,1
Sm1OmVfUZ1E,1
Sp6736obyBg,1
Sq0_pr3-pXo,1
Sqm0D3iNXno,0
SuKGF6Fne3E,1
SvPxHFliDWU,1
Sw7S8z12VgE,1
SxJhxrfxOd8,1
SxqyJb4CI84,1
T-jRjQU_wN4,1
T1A6td-Ci0k,1
T3DuqqfHzJc,1
T9IuU6kiW5A,1
TA8jiJ-e7cc,0
TAB78Qc0tJQ,1
TBA9bks6G5s,1
TCCNNatgIMM,1
TGlbtCyHaps,1
TLlPaUAFnRY,0
TOR3KjXs9KM,1
TOSxmXVgyPs,1
TQe6fG94CdM,1
TRAD9Ds7UXU,0
TSO2HBrOta0,1
TXkVESiwts8,1
TZiYbgBFAYc,1
T_AhCMHz2cU,0
Tdb8Bu9NiA4,1
TiR0pUDxW_k,0
Tnj1DC9BJH4,1
TozxLuVzNGo,1
Tp8ulbGjexM,1
TrOIC3_T-U8,1
TrlHEjjQnzc,1
TuOhHWvjums,1
TyYdJ6nrGWw,1
U0UE68qHkGI,1
U2yNHKvfwiI,1
U3B8DyWPxlw,1
U3BRITHqZzo,1
U98DaBJVCIE,1
UBl2qwi0BGw,0
UCRHj8LV37A,1
UDxqRQpGtVc,1
UEwnXEnFqgc,1
UI4IuGg5wn4,1
UNG0CtUD-9w,1
UOjc-2v51rY,1
UPKdpcLMkT4,1
UW8Bk1DHZcA,1
UYRvqD8xL7U,1
U_5RozJZeUQ,1
UbMmk2VgYDU,1
Ue-zN79XHQE,1
Ue4zwT15NYU,0
UeNUBLVPvxg,1
Ug2W_p6Uhwg,1
UkR4Y7K9Hx8,1
UloLVGxzNt4,1
UmGeQUupMFk,1
UnrSkjbCHa4,0
UomslHm3KWY,1
UqMIcrNJ27Q,1
Uqg0B3qQzOE,1
Usz4oJyS29M,1
Ut2bapedGqQ,1
UtSG_Vok1vA,0
UxQQd3Qo1MQ,1
Uzh2zyf7ilk,0
V26Osvn0Yb8,1
V2n9XohqbIs,1
V3EZvOEtCIs,1
V73yAMoDBv4,1
V77pi2f8esk,1
V7UfP6zZ-EA,1
V87uqWrEt2I,0
VCHO9B1TtfY,1
VCRyqi5Vv84,0
VCsLUZ0VT_w,1
VDcQz0CLVHM,1
VH7NCjBFCEc,1
VIM2FV-zm90,1
VIqWscXjb7w,1
VPoqpeog2Wc,1
VV8JrW-VGuo,1
VVR60zcS9L4,1
VVw4K1CAfC8,1
VWubnkIHTEQ,0
VX1n7tY6F2E,1
VaSWYVW8Dts,1
VamIKPgN88Y,1
VbWzuBZRlQw,1
VdO40cCjoQw,1
Ve-ccjQ8EE8,1
VgUdS1CI7h4,1
VmMdsYC4-tc,1
VnP22uk1RCw,1
VougmcEBJ9w,1
VphCXPjTx8U,1
Vqzp1A9GYw8,1
Vr9PCS9VERQ,1
VrIxRfWDOm8,1
VrwVGMAD48o,1
W-UHoEhm2F8,1
W09QflAfup0,1
W0OmgjNRSIE,1
W5G1EQagZGg,1
W740hmEpkMs,1
W8bezLf7V3w,1
WA8yrVU-gEY,1
WCwhYBL6GHg,1
WDidg3_Onp0,1
WDqN_sMBccE,1
WFW1-UXGev8,1
WGa8albPYAU,1
WGgBMkqgT3U,1
WHP2jfMnotk,1
WHvIWcJQGaE,1
WI1vbFb4q8Y,1
WOG7QrZIfGk,1
WT0hnmg7yhs,1
WVBG9rFm-2M,0
W_ACVHQTYGE,1
WaFM1F9epmA,0
WbemBjviJ7I,1
WbhnC0Yz8Sw,1
WfF1VCjpso8,1
Wgp5HnumLbU,1
Wk1is8hDWZE,0
WmZ5DfgTmiQ,1
WqHXsxCdGXA,1
Wuhy1loWFRk,1
WwdB_EYfCXw,0
WyAFVjTrDlA,1
Wz50JRNvLgY,1
WzqfYW-a0-E,0
X0lbHVxdMXA,1
X0tFyuW7Tns,1
X1TNDxC5O_0,1
X2LY1h8tDU8,1
X3-6nrSZC64,1
X5iPatyvZc0,1
X755mvCm3ms,1
X8AzPJ90GQ0,0
XBE8AkDCUoY,1
XBe2Di1Z26Y,1
XF0pjsWwYj8,1
XFWAmyW7Tis,1
XHwfo2fVyWI,1
XJcpWPMXW1E,1
XLB0hqxhNLY,0
XOK6ODKS3jQ,0
XOj9QI_3-W4,1
XOmD1DLucQg,1
XPyvMKRMHDE,1
XRdF-i-Qlgo,1
XSOok6KDMAI,0
XSn6Cra_QAs,1
XUKnGMhkDKM,1
XUtsDA9x8ug,1
XYhMdVFZIn4,1
XbqBwaPeQLE,0
XgcFNAC_YZ4,0
XiDUrsRjqZM,1
XiQSuoAnS7Q,1
Xk3KuThHWFA,1
Xk9_bv8Dgfk,0
Xk_GelGgZvY,1
XlGulUnBqwk,1
Xmf4qv2lT-o,0
XnKjAqJNI9Q,1
XnTxiYNhp8g,1
Xo4DBer5rbY,0
Xsuvh6tCMUM,1
XszJGQzTb40,1
Xv3NX1p5Oa8,1
Xvxu3D8bwtU,1
Xxe5_bduPoQ,1
Y0ACcA3U6c8,1
Y0__k58wwyk,1
Y0pu63ruzrA,1
Y2ABKOJkVz0,1
Y38TlnYc7Us,1
Y3zbUgvBHIQ,1
Y3zoxc5bzB4,1
Y4QwMpLaqJY,0
YAdBzoC0ubA,1
YC08dBi0B3w,1
YCQD5T_uOv0,1
YDKO2pC5B_U,1
YHweeD5Fo60,1
YKPaP2YVPSU,1
YKaxzWAPUkY,0
YKesLS2j2WU,1
YNe2uHgfeZs,1
YQEAwTFytRo,1
YQllW2v1eUs,1
YRVtlqNhFgA,1
YSdcmdTy4RA,1
YUwhlxbA6rM,1
YV9Wl3ialB0,1
YVesMZ53WvM,1
YXzNiTcMUk4,1
YZ6G_ubc7BQ,1
Y_bDvmxlFBk,1
YaEg5HLEnP4,0
YbfeLTjMpdg,1
YjYEsfJI0kU,0
YkA2bdnM5n8,1
Yn8acPibhc8,1
YtGsEdhM9qk,1
Yw6iNBV2zKI,0
Z1KAFKngyaY,1
Z3UXcpT3egc,1
Z6Dqr2PFmGc,1
Z7Q0JzbZeVg,1
Z97XIXaEBko,1
ZJdb_gYtbxs,1
ZKoYGNEgrBk,1
ZMXne0hkako,1
ZOp4fnBe9Rc,0
ZQMPrAzm-7o,1
ZQnmdNIDEFA,1
ZRwgrSWy3Mw,1
ZXy747Diy88,1
ZYTmxypIYmg,1
ZYgKKFBtDqc,1
ZZs2YLfzJhs,1
Zag8OJlZurM,1
ZdZ19RIZeZE,0
ZgiWEAsHlGY,1
ZhQABXf6BdY,1
Zl-EnGKb0JE,1
ZmeclSDnesQ,0
ZmvpFiaKAWY,1
Zn9dr0Fmmsk,1
ZruVB0R5sZ0,1
ZyI-QNFT1EM,1
_-UfjVkZE1Y,1
_-oFcktN1vQ,0
_1BMWXUkw4k,1
_23bzrxbiSs,1
_6eyXBf2gkc,1
_7sAhQQmyX0,0
_ANuVnxTUJ8,1
_BN7SRzpSJE,1
_D0wHa7h5r4,1
_DeZLJVuWwg,1
_FVpZ9zucRI,1
_G9L_4Ya9KA,1
_GSS0ymIBLk,0
_IynkNO0dkE,1
_MOQHBqNNAw,0
_Mu03-Iw6a4,0
_ThKl9iS0T8,1
_UWP-zo6ts0,1
_UjCq64_WrA,1
_VjFcFNunoE,1
_YCL2DQWs4M,1
_YthNikZjaY,1
_ZNlepuqh7I,1
_aLlYwGVVo4,1
_azwDRYItok,1
_cYpMSYc1o0,0
_eO81Aw2I2I,1
_ekEMAEaJMc,1
_gdaO4cu9OE,1
_guUEhb6GvY,0
_h8E92t80L4,1
_hf6ifp_aDs,1
_hg0OdMXyvU,1
_kEoo15YIQk,1
_kdv1a1Ep44,1
_nOWIXUiB2s,1
_pI6qOLsF1w,1
_qPfVwBAPC8,1
_rMLpAFhm7E,0
a3WGt0il-Jo,1
a3_D5cM_nUQ,1
a4TfHNAxzYU,1
a4r2xgYQ4Gw,0
a8AiZy9s5Uo,1
a8RDH7FhYJo,1
a9_SPNd71H4,1
aCiBAKptNnA,1
aDacxSZ5tZc,1
aEpxwapu7O4,0
aEwhaAvmpqs,1
aH0-_BYHQtY,1
aJPZkrHSfsU,1
aL1wROtw1Qk,1
aMkKyBHYqu0,1
aOCMFBzEs9o,1
aR3neIXc9V8,1
aSLcq2HuHzE,0
aY6UzBkzieU,1
aZFU-vWp0Ts,1
a_fQxBtXwVs,1
aenmQ-Jcfas,0
agKITfae-vw,0
ahQ7Fu7oFcA,1
akKsSj4j21o,1
akO5xf0YWnw,1
alkXg3HJFOM,1
anPLjCTWO_Y,1
apC6XI2OfWk,1
apf2yQ6AB4E,1
aqWHMnciM5Q,1
at4XTk8986k,1
b-rUUzE1tzQ,1
b2edo_scIpI,1
b6Qjmv7l8Z8,0
b8Q_clc0FnQ,1
b9CMn7YFNxo,1
b9D1gqaFTcs,0
b9gcPed7ojU,1
bA4TtCL2E2A,1
bAgJqcsEK2A,0
bCrWG2C3MjQ,1
bNEvTFtY2r8,1
bNsW80_Q9DQ,1
bRlS75AaBxI,1
bUfG4WMEP_Q,1
bUz0VdBOPQM,1
bXSV7eMZYic,1
b_txypQJuRU,1
bgDJ3wxnoHI,1
biGuwQhuAsk,1
bm-O6ODC15I,1
bmIzCu2FMHU,1
bmNYe2zVoLo,1
bnKi-aNJHkM,1
booeCNO8NKY,0
bqFjjmmdjSY,1
bqkquNb5Z8A,1
braFMh1nvuk,1
brhAUUgjG1Q,1
brt92Qj1EFc,1
btC4-2DGkwY,1
bw-oAZAg0jU,1
bzzqfoA9WU4,1
c-lXlaZn8do,1
c2t6VMGUfWU,1
c3d7dzmYY2A,1
c4Lcq9siq1I,1
c4UZPrBrkvo,0
c6eOVapEk9I,1
c7KhqR1hlWw,1
c8XelvkcLIM,0
cBbwWg5kqFM,1
cBgvxv8dCI0,1
cComQ8cbixY,0
cCpWBFsSzXY,1
cCpimjQzd1Y,1
cDW1l-g4N8g,1
cDyZqpoRui0,0
cJchN5xChFo,1
cKQNtDMeOek,1
cLEbL7JbVQI,1
cMFFneqvhm8,1
cQpfEe3gb-8,0
cQxD_bpFZNI,1
cTjpk2XwSNc,1
cTvjy-1Uzok,1
cUqYnlOxMLs,1
cXU93UolNpc,1
cYAc-HqBgmo,1
ccIN6134AEo,1
ccI_3nmQvkg,1
cdVvu9eIAeo,1
ceL8jA0y3I8,1
ceUW5aIh4b0,1
ceX9osV57Pc,1
ceg5XdjWgE8,1
cgKj3iK_6UA,1
cgUed2zDJXs,1
cibyGjzyYNk,1
cmHFvywuC0k,1
cp9XZ-HxZs0,0
crIsjsu0FNw,1
cuKPRygRgDQ,1
d0xbZnf98JA,1
d12zpEwTaJM,1
d1BxnCd7NFU,1
d4AwqixONAQ,1
d7ClcGL308c,1
d8tyM-xBGxY,1
dAC9KYuNbtg,1
dANjE8Z6mbw,1
dAT69yP0IT0,1
dCTzM-9_-nI,1
dK_eztfhgPo,1
dRTsa5FJDHg,1
dVdKV9qW2wc,1
dZYwuIwcIZE,1
d_WeYz91yWc,0
dbnb1yFRdso,1
dcbekI8JwgE,0
deBe6HV91js,1
deq9hflAr1g,1
dfTkvCaznwI,1
dhgeCc0JWYw,1
di_ldepUXtQ,1
dir8mxyMZ58,1
dj6NeJXHsNE,1
djUlmp1yGiY,1
dl7Bz8LMe8s,0
dnzdkcByXKo,0
doQp8QkKyGI,1
ds-6u3sSui0,1
du2VJf_JOW8,0
dxdJIm82dEI,1
dyOfe7Rljsw,1
dybUTrz40tg,1
e2-7Cp3KeLI,1
e24G8B2ho_o,1
e2FZzDuDRzw,1
e2ZskzdpTQc,1
e40rMLnB80o,1
e6SRF_2D2ns,1
eBPSwIYsiqM,1
eD_m2dVnjqk,1
eDmlWAaDxVg,1
eE7unt4DokQ,1
eIBcF1cbMyc,1
eJ14QxkaKsk,1
eJCs_Rax0zY,1
eJF7a7UeHM8,1
eKTw1JfM17o,1
eKWn2dabYWQ,1
eLA2UsvMbW4,0
eLLae4MIEM8,0
eLhXzaVHgDM,1
eNsLjk2fJxc,1
eOLR2ldIblE,1
ePBaE4PR-38,1
ePlYxTJ3w3Q,1
e_6-QGoeDDc,1
eevYyHrXEsk,1
efHGDPWvols,1
eghTSSF8akQ,1
ehFU93Mhfmk,0
en7FrDfQOco,1
eoKUuwJnkBo,1
eoRauYjvl6s,1
esZMkvNBgsk,1
evRqX1EdSnM,1
ezBg1vX0Ozg,0
f-cjbyoWhA4,1
f0_5NUMuqSE,1
f3Q9aW2HmIo,1
f3aEWI-2Ykw,1
f3zS9TlYLUI,1
f4bW9exS6vY,1
fBHW2ZjFOGg,1
fC-UdptaLLY,1
fC541Rsi7rk,1
fD6S4DDE7Ak,1
fES8U8zn-Z0,1
fFb68ZuG4OY,1
fIiW9exOf2w,1
fIx85pw7TH8,1
fIzPJ2zuthM,1
fIzS4dNgfkM,1
fLOvKDYtvc0,0
fLxi3xJTvQs,1
fNqvbdmTwt4,1
fPRbE9IShhI,1
fPxb3U6IYa4,0
fYrh4--Z65I,0
fZA_-kxJB0I,1
fdk3j7s3wnw,1
fe2aFYdxYUY,1
ffNiaeZQiWg,1
ffe1PKuwM9Q,1
fgpgvRpNO04,0
fhFMG1M4o9M,1
fiEzw1ECNnU,1
fm2fxqrxz18,1
fmwIrhN9Cmc,1
fol7E4bQFMQ,1
fquiIxZgk4s,1
fvMYt_aX6iY,1
fy4FGcpt_ys,1
fzeWo4k58hA,1
g15CNyfrHFY,1
g25kuBQhxlY,1
g2RT7E12rnU,1
g2ZUZ5nbabs,1
g6SglctYqh0,1
g7OYkyGYdJI,1
g7QWHcXk5r8,1
g7bHx5OVP2k,1
g8phP14ysTY,1
g936cLC7qE8,1
g9m0qNp71ec,1
gGZ-tS6Ih4g,1
gJ4Q5hO1g7M,1
gLicdpbYEAs,1
gOuSLw0yt5Y,1
gQS_OEcgN8E,0
gSOEle-vb3Y,1
gY060n5FcH0,1
gZRhcie__dQ,1
gZruWtIqUY0,0
g_FrWKCisDk,0
g_hLjh6Iia4,1
gb0gwJV1kY8,1
gbnYnCb9p0w,1
gc0tTWagc0s,1
ggug7D_Pz3A,1
gpTuKeclIWo,1
gs1DWrXxp7Y,1
gtPXHMa1QG8,0
guV2fPWwYoA,1
gusncb4G2Hk,1
gutRhgx8yQo,1
gxJg1E_w0dc,1
gz2eOc5R3SM,1
h0QvdG8oKUo,1
h1yZnI6RboU,0
h23yA4vs37s,0
h3jfQGH9U0Y,0
h88TXd2B-SU,1
h8XjBVpItwU,0
hEWzGcYHjJA,0
hEau4q34SNs,1
hIVY_2VvjeA,1
hIue8HkdWQM,1
hMmQilp-XA0,1
hOsXrUg9laU,0
hR9ekE3zk6E,1
hVgcSIwDglw,1
hWDn4YR_7eE,1
hYEsn973PgY,1
hZZg-tX5Fro,1
haRAXu-kZB8,1
hbrFLzbVFTA,0
hcNH6Qfu6YE,0
hcxOtu0Vuyk,1
hl8iEcnyEek,1
hmSCH5jvPYw,1
hmtG0ncFM2o,0
hnkXpgLF4n4,1
hsgQ_oZP_VM,1
hvUoPfUY5ao,1
hww7yrz9Puk,1
hzJlNXJLxWc,1
i1CoiIdbVbE,1
i1I_Oxmm9Fs,1
i1QeI9C1w9Y,1
i4tMkjl0uwI,0
iEth2-tjhjY,1
iFILua3E6Zg,1
iKecm-NLRJI,0
iNbwIn5vOEQ,1
iP4kaR8wtE4,1
iSdhV5aMGd4,1
iT14SR2Obs0,1
iU757PQrmVk,1
iWDH0psBCJo,1
iY8OJB32uT4,1
ide3ADAjKzA,1
igCTRbIFh0U,1
ihII4GKzxE0,1
ihUxhJGvnWM,1
ikvRXIfR80Y,1
inKXLBMQlHE,0
iqM7j_khPro,1
isXPGOMIEpg,0
iwPdIcv4R8U,1
iyT00P2BR_M,1
iynOzdIx_Xc,1
j-DtknJnoEg,0
j29MTjf8bJQ,1
j3t5nFnTULQ,1
j4HEaSFrjT4,0
j4KlPzmJ_9Y,1
j6cPQB3h_GU,1
jFDNWz0lfN0,1
jFTZ3iEWDYk,1
jI16XVwxsX0,1
jIfo9a8dmNA,1
jJfYjFQ5wvM,0
jKFv4-tHHUs,1
jKu3EnRyMlE,1
jMobXLwZARU,1
jQUbgcBjDDY,0
jQc-Fd07WSo,1
jSMEktkyAFs,1
jTGtmTY0KPs,0
jYUj8ZVNO3A,1
jdShUNBaeLc,1
jhu6OI9AWgY,0
ji_FWub99PA,0
joQGSOx0sME,1
jq-_7hyIEZ0,1
jqo2i_iE-RA,0
ju0OfsPBjtg,1
jxPQ5gaG6wQ,1
k0QBfCfrkb0,1
k2yLsjspxN4,1
k32QBKhK3SI,0
k5XsfMv5Pz0,1
kAPlNsy-CJ0,1
kBIxxUPiGxE,1
kC5lnwxHH1o,1
kHkp1SQKBJQ,1
kIqpOtzogfg,0
kKA3Wjh6WsQ,1
kLuuo9Yymnc,1
kNkqR1ObKLY,1
kQ9xD7ZARJk,1
kUBQZZS6Bfk,1
kUnK7Rd5EEU,0
kVuEjXojqrA,1
kVx_Ww9ssBE,1
kWFZZsIEE9M,1
kZZ0qnRUpyw,1
kZdKCWCytTc,1
kbJS4zEQ9bs,1
kbiJzdALB8M,1
kdfBpm8rwyU,1
ke0BMw75oN4,1
keQgMdhp9cQ,1
kfgZ0TK6vwM,1
kkalPNn2qGw,0
kmxmYldNeyI,1
knUgPUc-mtM,1
kpFZji9qHqU,1
krxCR7wt50Y,1
kspzJlE0fko,0
ku2cm72SvfI,1
kv8-Acay5YY,0
kyaQYIuzm_k,1
l--agdcsR0I,1
l0fENCO74KA,0
l3DxH4gVvWs,1
l5MNmKJtCJA,1
l7uEbtKpN7s,1
lD6HJ-xGB48,1
lDODENmsuog,1
lJzp4hAe2Fw,1
lLNlKzFOk0g,1
lP3lbWYgzWY,1
lRvkg5skHRo,1
la_g3rjwd-g,0
leTF-FRI434,1
lfNXTGD0SeU,1
lfRIozS_h9E,1
llFHgRuFuTw,1
ln69iJGFong,0
lnRLsPNrEdw,1
lqNqJyOtEr0,1
lsCbw4bbb6s,0
ltf9IGjGJos,1
ltlbGQPq89k,1
lvKBxaOpOHs,1
m0gwFLSpSCU,1
m0y4hLA8Zec,1
m1k2k6Q--J8,1
m1nd3zhnMgs,1
m32nueJjIeU,1
m3MebGrtoj0,1
m40JLvX5u3s,1
m4M2gvayUCY,0
m7w0PsGiz3w,1
m8_voizePDQ,1
mB2ltH0MlKM,1
mDbMxIybx84,1
mFKvBeWsDzc,1
mH-_fDRScpI,1
mHRJzSSTJWk,1
mImRavHbomg,1
mKEHbyzjxnU,1
mM-73BNm-lk,1
mN2C1tKseLQ,1
mSY4kKVe5pQ,1
mS_xYFWDa8M,0
mSeblARXJ7U,0
mTr_VCwUK8s,1
mUHXXeYUX_A,1
mUnmuB2X7pI,1
mVKoNKP5zUk,1
mWiTgXHwuJI,1
mYTKDineB5k,1
mZPu52zlrpI,1
mbgAG9Qpbz0,1
mbkuWmBI5ik,0
mdXTf-seIYU,1
mioatMDYVew,1
mks84XYGzWQ,1
mo6R0BY--F4,1
moTpKU0fEKU,1
mqef5Jqjrfo,1
mr2Povf2Dhs,1
mrMZWoy0OJs,1
mrzhpcauJ4s,1
msEpbc-iG0c,1
myoLz-N71U4,1
mz1gtgZ_rOg,1
n0aYj8fnqUw,1
n2flQv5UZVs,1
n7A2uQhrOB8,1
n8skoBVca38,1
nC2vXbWYGGE,1
nClKe9M3CKw,1
nGaR7u_LRxo,1
nI2c-d3skFw,0
nJa_sYU2GSA,1
nK3kUM3zQjw,0
nNhIivlMhFI,1
nTe60stNjHM,1
n_bwwxGH9Bw,0
naNE1XQsGDM,1
nakb7Jjuxwg,0
nawJ3wQUuDM,1
nesk2NaNSfw,0
niRTFVom1EE,1
njmpa_Z_rJs,1
njx7yw0uS9c,1
nm9I5cz2uQQ,1
noBv58QoAJo,1
noPInsSVYMU,0
noypViDJ5WI,1
nqlY-Vc0kno,1
nrN3RoctiF8,1
nrberl9cddU,0
nsimm-zLZcs,1
nt23y9IhnAE,0
nz5xGubxjOM,0
o-Kvlxyj43I,1
o4FBN9rqxDA,0
o4d-HKnLnOQ,0
o4zf5GK_xj0,0
o72e6TBzu8E,1
oDSInV7HlA4,1
oFYX05sfmGk,1
oHfXYFDXk40,1
oHh6zwtmpYw,1
oKQNiKU69qM,1
oMimcciFDr4,1
oNSWObWncA8,1
oNr40ajykIs,1
oS9To0WeSoI,1
oXBT0uIdjU4,1
oZPANn1S0oo,1
oaLDD3Ggus4,1
obQdKlTg9IU,1
ogYXxFmt6ro,0
oi3nd2llhHM,1
oj2xlp7a55c,1
oj7ynfHNl4A,1
ojK3ND-vOO4,1
ojpVFlkMUnA,1
olShnT7Oyo0,1
ood9znmcap8,1
osdITKClWmk,0
oucaQ0NW6SI,1
ozeKt1pkcyY,0
p-jCVMlIfHE,1
p1IS4UGEiCI,1
p1oK5GyVakE,1
p2TQkdgZPB8,1
p2yOZveRKhA,1
p3xNrlp2y30,1
p6MpAi_n73U,1
p7XaXR5vgHU,1
pBJ2HpHncOo,1
pBn4tCeI4tA,1
pDCUzL8EktQ,1
pDeQhVrQMeo,1
pFv2U2EmOBk,0
pGdHt-qvpkw,1
pIHygTNTUXQ,0
pIMrgAltmTk,1
pKCCjEINOQE,0
pM5OClHVfyU,0
pQjFsKCRfw8,1
pSADIwaD4aQ,0
pSqS-w8OxNQ,1
pTWFkWqaSlk,1
pVkN5VZNuiY,1
pZlJ2bT026E,1
peMUOkpRkkY,1
pf-d5fLLEmk,1
pfA8RzAHvdE,1
pke1WhLNoHc,1
plgXlCrTdDQ,1
ppQYVSaLN-Y,1
puEFzAnxz_o,1
q0PRVH_f-ok,1
q16CFwsDx1c,1
q3EtUcJI6nI,1
q3baLrZtLok,1
qB2xDwqlXcg,0
qEffgHlRR7M,1
qFHqc2szcKg,1
qGDjOgQ2FrY,0
qGXVjGDdLzY,1
qRGb-KBK4VI,0
qRH7vBcaddg,1
qUgH6G_fIOQ,1
qUz-WRTzh04,1
qVpXjONDAtk,1
qWg70b6fEe0,0
qX9j_dHRYF8,1
qYR2ZJvleJI,1
qagT7QouPDM,1
qdbVBLmpOpw,1
qg8Z8SinIdE,0
qjJT4c1bucA,1
qk97R_-DeA4,1
qlxtqiHUYpo,1
qq-GAIPh-kI,1
qs8iH4yjVkw,1
qvjfG_Uljps,1
qx2gSLPicm0,1
qyO3DGHOtAE,1
qzVhYs8-TB4,1
qzsrVAC32qA,0
r0IxszNIybQ,1
r1DVG7s8vcI,1
r1LhPrf7TgA,1
r4v-X9uT6nI,1
r92eCFbknyQ,1
rD21YoffHmI,1
rDXtgobnWsQ,1
rGz-4aGYbvE,0
rHaisEsuu00,1
rHkKtgXeop0,0
rI7YngXtZrQ,1
rKiWh5fQmCE,1
rLxTozspBxk,1
rM_gz1Gz9gE,1
rPC2qiSags0,1
rTjgXZM8yN8,1
rWPzysGwWig,1
raocyVK_IaA,0
rf8wInU9Qu0,1
riNF85JGK7E,0
rl1QZRsOsNs,1
rlERDpxoIaA,1
rp5eI2qP-kw,1
rpuUWRPkx0c,0
rt7y2ViREDQ,1
rvjoJGas074,1
rwMVSX5mSm0,1
ryne5PWA-Ro,1
s-rkK3Clvuw,0
s2U1I1txCuw,1
sCJSgjG_1ns,1
sKi-Ddwb4PE,0
sLjOR7deSkw,1
sOxTIanaXBA,0
sShFtn7dBKc,0
sW7PyNcMGy0,1
sXx0cbRPPUw,1
sYMJ9ZAR6Zg,1
s_MYXtZbmA4,1
s_VUhInkSs4,1
sdboRWaWLyg,1
ssy2HTyhoYg,1
surRUZ1yAg0,1
sx5j-XcMYSM,1
sxCSmVzMxZk,1
t-SIRbrtODc,1
t1H7yi7VHK4,0
t2_yNxYmewU,1
t47lVNDuwpE,1
t5NFb4QyMr0,0
t5QjkBZj1co,1
t5s4eef0ExE,1
t6928gST0Sg,1
t6if2JzrNVQ,1
t9CGEdbqigw,0
tArFtF4N65g,1
tEfXXJ3al4U,1
tFGzQQKmADQ,1
tGjv2vSu-28,1
tGvOkJJLXQQ,0
tJDYOP_6DOI,0
tJKQoODrwrE,1
tLR2AE8UPcw,1
tLpvdZfDGWc,1
tNPrEoLgbNM,1
tQZ6cGxXMdQ,0
tTBZgzLqS9Y,1
tVniQL8aPxs,1
tWn54DCLva4,1
tXSVha4Ou2E,1
t_r2QzCzRl8,1
tiy5_U66S7s,1
tj0zvHPPtWo,1
tkIfrPyh8vM,1
tl7iYSl8HjE,1
tlvwtaPkmCU,1
tprFIbWsTbA,0
tyIjI9Ly3v8,1
u-hHkujzWhY,1
u-oO5artghw,1
u0c4LazpcHQ,1
u1fybCe0-js,1
u1k_X99eXVQ,1
u4_OMqy01G8,1
u4e3FkT4Me0,1
u5J-GGtINkk,0
u836QeLwzoA,0
u9TSMfvq4LY,1
uGcLOfUlzfc,1
uGp3pga9oNE,0
uIAFrvKDkWQ,1
uIrNKRnmgkk,1
uJfF2cfq13g,1
uK3BVkDWL2k,1
uSOS7VG83DQ,1
uSVLTBsn9tk,1
uY1_O5m4zgo,1
uYMi-n2vZ6M,1
u_I8W9FMA6w,0
uadRWE8sjHQ,0
ub7bttYeqB8,0
ubFoS8QAtjw,1
ubrZS1KEMM0,0
uc5jwXXyDzw,1
udOlD9ztx-o,1
udmgS4DuDxg,1
ufDWuv5UwQo,1
ugc5k7z2Ga0,0
uiuy8ESUc3M,1
umKpI3rOj68,0
uoyXp4_I538,0
utuqQi9tQGY,1
uuFU2dRXtGs,1
uvBpaAuXWPI,1
v0dydIi42hY,1
v15J9lo70cM,1
v1AWGBxstp4,1
v3t3HzNFyAk,1
v6GGHwfgU6s,0
v7H95UZTyC4,1
v9LKiAJVIfQ,1
v9Z6-QVfw7M,1
v9vDeyINVsc,1
vAtPL0_EUiY,1
vBpSOIt_MBM,1
vClUNukh610,1
vHdI6Jvmu1w,1
vJhUXyBFaUI,1
vK7q4zoj7fM,1
vK98JdW8zT8,1
vMfopCQEf0s,1
vMzfegrylR4,0
vRMDcFrEq4Y,1
vRcaFfLIumE,1
vTXAWMO5mvE,1
vU5RpLjZF8w,1
vVAc7PEuivQ,1
vX7b2dwkrwc,1
vXgryOtLCV8,1
vavGxnUyy9A,1
vewV6Zv_4I4,1
vhzd_ts3fQA,1
vpUDUvKcPIg,1
vw9RdfOeS1g,1
vxr9NEzlDeU,0
vzCO8LwyVnk,1
w0yVPUNNV_Q,1
w3XIdjkGqqg,1
w4T0wbeh8j4,1
w79YUSOhPWI,1
w8HOmbrfjsc,0
wBBlJh1vIZc,1
wGQLv477cUg,1
wIaCbjUjduQ,1
wIn5-LK7Rvw,1
wKAl0kmasxg,1
wLCDCZ-jGyE,1
wNSudshRp-U,1
wRWNDwlieTA,0
wRgilAyoAxs,0
wXkjDb73mmM,1
wbot_LqAehQ,1
we6A2wKYIQc,1
weFrU6CS2OE,1
wfPxwiXwMbo,1
wkQtrmGSMKw,0
wle7zKNkg40,1
wo7iYxplYcA,0
womh7oCFIIc,1
woqZSRRM5i0,1
wozaGreDFtI,1
wp8Csa2KLx0,1
wpj5L_nwkls,1
wtlNapcs0j0,1
wtuwErTz_j0,0
wyouVOMd9Sw,1
wzOSWDrRKwY,1
x-SYDTIAHi0,1
x0b_rYNuHEU,1
x3EsBtYJzlA,1
x5XtogA0kVs,1
x9BWVjKfET0,1
xCIJnebZHG8,1
xGkDvEALUfs,0
xGqRL-58mCg,1
xHiSpsZpMRs,1
xIBHir8y3b8,1
xJLsrfTAh04,1
xLOZqwMx2iA,1
xLjJk0dY2jM,1
xWK6JjX1Apc,1
xZfmLtPXQOo,1
xc4wzcaO0i4,1
xdHgr_BIcy4,1
xeBlz35iADs,1
xeRS9N1aV84,1
xedc5Be-ZnI,1
xgBbm5fInak,1
xl03G2Nn2Tw,1
xnNEtOfKaNM,1
xok9lDMkylg,1
xplVMcVH4bU,1
xptGB2ITGr0,1
xq9hXVPL1-U,1
xriSU_Oj1OY,0
xsCrRY33Meo,1
xtDTwQr9XvE,0
xtrOuE93fgo,1
xuuQdxq6cSM,1
xyeOzzSRqoY,1
y-eTuleY-Vw,1
y3UgmMntTk8,0
y3WyR0Bed68,1
y5fnxpUFhCk,1
yA5CLZWuaRc,1
yCWuxa1UHXc,1
yEN21v_I9EA,1
yF0HhMa3DYc,1
yFkJ_htamMw,1
yJMmbZuVAJ0,0
yKYEHMV6X2g,1
yNNQ7PljGPY,1
yPLV2MsjRXY,1
yQw8ykFmrl0,1
ySZUR5TEgq0,1
yVIy8xfp1vo,0
yVPZVI6Xcao,1
yWcGQ3dDC70,1
yYyP6JhwtwM,1
yeIap1tcWyU,1
yfIUeBZ9Rtw,1
ym2-QTHdBuk,1
ymbpvsanMNk,1
ymk4U52vdwc,0
ynF_KkgdNFI,0
ynTQcAweNNA,1
ypFxZnlv1uQ,0
yrXakep8ZXM,0
ysL6kVwgS_A,1
ywCBvQrblGY,1
yxzggpJuxfY,1
yzExwqHnDnE,1
z0lRyJa8juo,1
z1nCUmWHvsU,1
z4OeRckGZTY,0
z4qP9D9RA3c,1
z85EBlIGp7c,0
z9NHA4W-2Ms,1
zCCXA9odpNQ,0
zDm4OMn74aM,1
zH5UrjPyfno,1
zKUNcbeayq4,0
zKwo7duxwyc,0
zL2V2y8pBms,1
zMB5oUCpt5Y,1
zPXphpl7gco,1
zREox08QmM0,1
zRIEIE-sSn0,1
zWUPny-TIjk,1
zXppZFV1fTg,1
za78Uqroios,1
zaOAOq0CoO4,1
zagQa-9fJpM,1
zflHpFRXHsg,1
zhhBS3gO6qs,1
zisvz4dbMfg,1
zjRDYdDlpiw,1
zk2oTMxXMNU,1
znkUgQVIBH4,1
zoCLkLJHG1I,1
zqP3pJSM5T4,0
zvpOkNknHVE,1
zzJbfyl9A5Y,1
