type,search key
['lung transplant'],lung transplant rejection
['lung transplant'],lung transplant history
['heart transplant'],heart transplant rejection
['kidney transplant'],kidney transplant hospitals in florida
['heart-lung transplant'],heart lung transplant uk
['pancreas transplant'],pancreas transplantation
['heart transplant'],do you change after a heart transplant
['heart transplant'],heart transplant recovery timeline
['heart transplant'],when is heart transplant done
['liver transplant'],liver transplant pathology outlines
['lung transplant'],lung transplant questions
['liver transplant'],liver transplant survival rate
['liver transplant'],can you do a liver transplant
['lung transplant'],how long lung transplant
['lung transplant'],lung transplant pittsburgh
['liver transplant'],liver transplant university of michigan
['kidney transplant'],kidney transplant ribbon color
['heart-lung transplant'],heart and lung transplant foundation
['kidney transplant'],kidney transplant cost
['kidney transplant'],kidney transplant wiki
['lung transplant'],lung transplant donor
['lung transplant'],lung transplant medicine
['kidney transplant'],kidney transplant diet
['liver transplant'],liver transplant organizations
['heart transplant'],heart transplant pediatric
['heart transplant'],heart transplant time
['liver transplant'],liver transplant grants
['kidney transplant'],after kidney transplant
['lung transplant'],lung transplant guidelines
['pancreas transplant'],how common are pancreas transplants
['lung transplant'],how lung transplant is done
['heart transplant'],heart transplant complications
['pancreas transplant'],pancreas transplant in type 1 diabetes
['liver transplant'],liver transplant timeline
['pancreas transplant'],pancreas kidney transplant
['pancreas transplant'],pancreas transplant canada
['liver transplant'],liver transplant birmingham
['heart transplant'],heart transplant success rate
['pancreas transplant'],pancreas transplant vascular anatomy
['kidney transplant'],kidney transplant cpt code
['liver transplant'],who do liver transplant
['lung transplant'],lung transplant survival rate
['kidney transplant'],kidney transplant leave old kidney
['kidney transplant'],what's kidney transplant
['heart-lung transplant'],heart problems after lung transplant
['kidney transplant'],kidney transplant anti rejection drugs
['liver transplant'],how long liver transplant
['heart transplant'],heart transplant icd 10
['pancreas transplant'],pancreas transplant radiology
['liver transplant'],liver transplant icd 10
['liver transplant'],xenograft liver transplant
['heart transplant'],how heart transplant is done
['liver transplant'],liver transplant yellow
['heart transplant'],what happens if heart transplant is rejected
['pancreas transplant'],pancreas transplant eligibility
['liver transplant'],types of liver transplant
['lung transplant'],can you get a lung transplant
['liver transplant'],liver transplant liver cancer
['kidney transplant'],kidney transplant complications
['kidney transplant'],kidney transplant hospitals in texas
['kidney transplant'],where do kidney transplants go
['kidney transplant'],kidney transplant status z code __
['lung transplant'],lung transplant complications
['heart transplant'],heart transplant immunosuppression
['pancreas transplant'],pancreas transplant status
['lung transplant'],lung transplant hospitals
['heart transplant'],heart transplant jehovah's witness
['kidney transplant'],how long kidney transplant last
['heart transplant'],heart transplant organ donation
['kidney transplant'],xenograft kidney transplant
['pancreas transplant'],pancreas transplant medications
['heart transplant'],heart transplant usa
['heart transplant'],heart transplant box
['pancreas transplant'],simultaneous pancreas kidney transplant
['heart transplant'],heart transplant waiting list
['lung transplant'],lung transplant criteria
['pancreas transplant'],pancreas transplant icd 10
['kidney transplant'],kidney transplant dialysis
['liver transplant'],liver transplant waiting list by state
['pancreas transplant'],pancreas transplant waiting list
['lung transplant'],double lung transplant youtube
['lung transplant'],lung transplant new york
['kidney transplant'],kidney transplant organization
['pancreas transplant'],pancreas transplant journal
['liver transplant'],liver transplant questionnaire
['heart transplant'],how long heart transplant surgery
['pancreas transplant'],pancreas transplant surgeon
['liver transplant'],liver transplant scar
['heart transplant'],heart transplant types
['lung transplant'],what happens when lung transplant fails
['lung transplant'],lung transplant health care
['heart transplant'],heart transplant criteria
['liver transplant'],liver transplant indications
['liver transplant'],liver transplant numbers by center
['kidney transplant'],kidney transplant life expectancy
['kidney transplant'],kidney transplant icd 10
['liver transplant'],when liver transplant is needed
['kidney transplant'],kidney transplant success rate
['liver transplant'],liver transplant what to expect
['liver transplant'],liver transplant awareness month
['liver transplant'],liver transplant ke baad life
['liver transplant'],liver transplant life expectancy
['lung transplant'],how many lung transplants per year
['heart transplant'],heart transplant outcomes
['pancreas transplant'],pancreas transplant anastomosis
['lung transplant'],lung transplant cost
['liver transplant'],liver transplant young child
['lung transplant'],lung transplant time
['lung transplant'],lung transplant jacksonville fl
['kidney transplant'],kidney transplant eligibility criteria
['heart transplant'],heart transplant near me
['heart transplant'],heart transplant rejection icd 10
['liver transplant'],liver transplant color
['lung transplant'],lung transplant information
['kidney transplant'],pig kidney transplant
['lung transplant'],lung transplant scar
['kidney transplant'],kidney transplant age
['heart-lung transplant'],infections in heart and lung transplant recipients
['lung transplant'],lung transplant vaping
['lung transplant'],lung transplant houston
['kidney transplant'],kidney transplant questions
['heart transplant'],why heart transplant is done
['heart transplant'],heart transplant eligibility
['pancreas transplant'],pancreas transplant benefits
['liver transplant'],liver transplant blood type
['heart transplant'],heart transplant survival rate 10 years
['kidney transplant'],kidney transplant jehovah's witness
['lung transplant'],double lung transplant quality of life
['lung transplant'],heart lung transplant
['kidney transplant'],kidney transplant effects
['liver transplant'],why would someone need a liver transplant
['liver transplant'],liver transplant journey
['lung transplant'],lung transplant 70 years old
['lung transplant'],why would someone need lung transplant
['heart transplant'],heart transplant hospital
['kidney transplant'],why kidney transplant is needed
['heart transplant'],heart transplant life
['kidney transplant'],kidney transplant drugs
['liver transplant'],liver transplant piggyback technique
['kidney transplant'],kidney transplant hospital stay
['kidney transplant'],kidney transplant anastomosis
['pancreas transplant'],why no pancreas transplant
['pancreas transplant'],pancreas transplant ultrasound
['lung transplant'],lung transplant kids
['liver transplant'],liver transplant meld score calculator
['heart-lung transplant'],ut southwestern heart and lung transplant program
['heart transplant'],heart transplant cost
['kidney transplant'],kidney transplant in turkey
['lung transplant'],lung transplant xray
['lung transplant'],lung transplant guidelines ishlt
['heart transplant'],heart transplant coordinator
['kidney transplant'],kidney transplant nurse
['pancreas transplant'],pancreas transplant y graft
['heart-lung transplant'],heart lung transplant trust victoria
['kidney transplant'],kidney transplant nutrition
['heart transplant'],heart transplant texas
['kidney transplant'],kidney transplant immunosuppression
['heart transplant'],heart transplant uk hospitals
['lung transplant'],lung transplant waiting list
['liver transplant'],liver transplant candidates
['heart-lung transplant'],heart lung transplant fellowship
['lung transplant'],lung transplant list
['pancreas transplant'],pancreas transplant monitoring
['kidney transplant'],xm kidney transplant
['heart-lung transplant'],journal heart lung transplant impact factor
['kidney transplant'],kidney transplant ultrasound
['heart transplant'],heart transplant levels
['heart transplant'],heart transplant patient
['kidney transplant'],kidney transplant timeline
['kidney transplant'],when kidney transplant is needed
['pancreas transplant'],pancreas transplant survival rate
['liver transplant'],liver transplant tacrolimus
['heart transplant'],what causes heart transplant
['pancreas transplant'],pancreas transplant for t1d
['kidney transplant'],kidney transplant steps
['heart-lung transplant'],heart-lung transplant indications
['lung transplant'],where to get lung transplant
['pancreas transplant'],pancreas transplant epi
['liver transplant'],liver transplant bmi cutoff
['liver transplant'],liver transplant biliary anastomosis
['lung transplant'],lung transplant foundation careers
['liver transplant'],who qualifies for liver transplant
['heart-lung transplant'],heart and lung transplant unit
['liver transplant'],liver transplant success rate
['kidney transplant'],kidney transplant waiting list
['kidney transplant'],what's a transplant nurse
['pancreas transplant'],pancreas transplant pig
['kidney transplant'],pig kidney transplant dies
['lung transplant'],why ben askren need lung transplant
['heart transplant'],heart transplant with robot
['heart-lung transplant'],heart lung transplant journal
['lung transplant'],lung transplant university of chicago
['kidney transplant'],xanax kidney transplant
['heart transplant'],heart transplant options
['lung transplant'],what causes lung transplant
['liver transplant'],xi liver transplant
['lung transplant'],how much does a double lung transplant cost
['kidney transplant'],kidney transplant list
['liver transplant'],liver transplant evaluation
['pancreas transplant'],how dangerous is a pancreas transplant
['liver transplant'],liver transplant criteria
['heart transplant'],where are heart transplants done
['liver transplant'],liver transplant team
['pancreas transplant'],pancreas transplant success rate in india
['heart-lung transplant'],heart and lung transplant coordinator salary
['kidney transplant'],kidney transplant rejection
['kidney transplant'],who does kidney transplants
['kidney transplant'],kidney transplant donor
['heart transplant'],heart transplant machine
['pancreas transplant'],pancreas transplant medical term
['heart transplant'],heart transplant vs artificial heart
['lung transplant'],lung transplant medicare
['heart transplant'],heart transplant volume
['pancreas transplant'],pancreas transplant hospital
['liver transplant'],liver transplant with cirrhosis
['lung transplant'],who does lung transplants
['liver transplant'],liver transplant surgeon upmc
['heart transplant'],heart transplant mortality rate
['lung transplant'],when is a lung transplant necessary
['heart transplant'],what needs heart transplant
['lung transplant'],lung transplant eligibility
['kidney transplant'],where is kidney transplant incision
['lung transplant'],double lung transplant
['lung transplant'],lung transplant evaluation
['liver transplant'],when is liver transplant not an option
['liver transplant'],liver transplant kidney failure
['heart transplant'],heart transplant per year
['heart transplant'],heart transplant wait time
['lung transplant'],lung transplant center
['kidney transplant'],kidney transplant kidney failure
['lung transplant'],lung transplant age limit
['lung transplant'],lung transplant recovery
['kidney transplant'],kidney transplant match requirements
['kidney transplant'],kidney transplant donor risks
['heart transplant'],does heart transplant qualify for disability
['liver transplant'],liver transplant ultrasound
['heart transplant'],heart transplant listing status
['kidney transplant'],kidney transplant survival rate
['heart-lung transplant'],uab heart lung transplant program
['kidney transplant'],kidney transplant video
['liver transplant'],where is liver transplant done
['lung transplant'],pulmonary fibrosis lung transplant
['heart transplant'],dcd heart transplant
['kidney transplant'],kidney transplant wait time
['liver transplant'],liver transplant hospitals
['heart-lung transplant'],ucsf heart and lung transplant
['pancreas transplant'],pancreas transplant cost
['pancreas transplant'],pancreatitis liver transplant
['heart transplant'],heart transplant surgeon salary
['heart-lung transplant'],heart lung transplant for pulmonary hypertension
['kidney transplant'],kidney transplant three kidneys
['heart transplant'],heart transplant order of anastomosis
['lung transplant'],how many lung transplants can you have
['lung transplant'],where is incision for lung transplant
['heart transplant'],how many heart transplants are successful
['liver transplant'],liver transplant diet restrictions
['pancreas transplant'],pancreas transplant success
['liver transplant'],liver transplant texas
['heart transplant'],what is a heart transplant
['liver transplant'],liver transplant near me
['pancreas transplant'],pancreas transplant cpt code
['liver transplant'],liver transplant anesthesia
['kidney transplant'],kidney transplant medicare
['lung transplant'],lung transplant with cystic fibrosis
['lung transplant'],lung transplant exclusion criteria
['lung transplant'],lung transplant recipient
['lung transplant'],lung transplant kims
['heart transplant'],xeno heart transplant
['kidney transplant'],kidney transplant ribbon
['lung transplant'],which statement is true about both lung transplant and bullectomy?
['lung transplant'],lung transplant icd 10
['heart transplant'],alaska man heart transplant
['liver transplant'],liver transplant news
['kidney transplant'],kidney transplant procedure code
['liver transplant'],liver transplant baby
['heart transplant'],heart transplant evaluation
['kidney transplant'],transplant a yucca
['lung transplant'],lung transplant insurance
['lung transplant'],lung transplant viability
['kidney transplant'],kidney transplant anesthesia
['kidney transplant'],kidney transplant blood
['pancreas transplant'],pancreas kidney transplant scar
['pancreas transplant'],pancreas transplant list
['heart-lung transplant'],heart lung transplant team
['heart-lung transplant'],heart lung transplant icu
['liver transplant'],liver transplant list
['pancreas transplant'],pancreas transplant types
['liver transplant'],liver transplant no insurance
['pancreas transplant'],pancreas transplant for pancreatitis
['kidney transplant'],kidney transplant vitamin d
['kidney transplant'],xofluza kidney transplant
['pancreas transplant'],pancreas transplant vs islet transplant
['heart-lung transplant'],ucla heart and lung transplant
['liver transplant'],liver transplant how much does it cost
['lung transplant'],lung transplant north carolina
['kidney transplant'],kidney transplant infection
['lung transplant'],lung transplant uva
['lung transplant'],lung transplant mass general
['pancreas transplant'],pancreas transplant ncbi
['liver transplant'],when is a liver transplant too late
['pancreas transplant'],pancreas transplant side effects
['lung transplant'],lung transplant jobs usa
['liver transplant'],liver transplant high enzymes
['kidney transplant'],what's a transplant person
['pancreas transplant'],pancreas transplant alcohol
['liver transplant'],liver transplant las vegas
['kidney transplant'],kidney transplant low blood pressure
['liver transplant'],liver transplant jupiter hospital pune
['kidney transplant'],kidney transplant anniversary
['kidney transplant'],kidney transplant recovery
['heart transplant'],heart transplant from pig
['heart transplant'],heart transplant guidelines
['liver transplant'],liver transplant for alcoholic
['lung transplant'],lung transplant length
['pancreas transplant'],where does a pancreas transplant go
['kidney transplant'],which kidney do they take for transplant
['lung transplant'],lung transplant candidate
['pancreas transplant'],pancreas transplant ppt
['kidney transplant'],when is kidney transplant not possible
['liver transplant'],liver transplant cpt code
['lung transplant'],lung transplant images
['lung transplant'],lung transplant quora
['heart transplant'],what is orthotopic heart transplant
['lung transplant'],lung transplant mma fighter
['kidney transplant'],kidney transplant x ray
['liver transplant'],liver transplant anniversary
['liver transplant'],liver transplant diagnosis code
['liver transplant'],liver transplant jefferson
['kidney transplant'],kidney transplant biopsy procedure
['liver transplant'],liver transplant nursing care
['kidney transplant'],renal transplant zoster vaccine
['lung transplant'],lung transplant queensland
['liver transplant'],why is a liver transplant dangerous
['liver transplant'],liver transplant age
['heart transplant'],heart transplant heart failure
['heart transplant'],heart transplant oregon
['lung transplant'],lung transplant cardiopulmonary bypass
['lung transplant'],lung transplant utsw
['lung transplant'],lung transplant for copd
['liver transplant'],liver transplant turkey
['kidney transplant'],kidney transplant uti
['lung transplant'],lung transplant quarantine
['heart transplant'],heart transplant personality change
['heart transplant'],heart transplant age
['lung transplant'],pig lung transplant
['lung transplant'],lung transplant bc
['liver transplant'],liver transplant personality change
['lung transplant'],lung transplant in kerala
['lung transplant'],lung transplant for ipf
['lung transplant'],lung transplant vgh
['liver transplant'],liver transplant complications
['lung transplant'],lung transplant due to pneumonia
['lung transplant'],lung transplant outcomes
['pancreas transplant'],pancreas transplant uva
['pancreas transplant'],pancreas transplant cystic fibrosis
['kidney transplant'],kidney transplant quebec
['lung transplant'],lung transplant prognosis
['kidney transplant'],kidney transplant over 70
['kidney transplant'],kidney transplant surgery time
['heart-lung transplant'],heart lung transplant en bloc
['heart transplant'],heart transplant without opening chest
['lung transplant'],lung transplantation jason d christie
['heart-lung transplant'],heart and lung transplant conference
['heart transplant'],heart transplant post op care
['liver transplant'],why liver transplant is costly
['liver transplant'],liver transplant kansas city
['lung transplant'],lung transplant incision
['lung transplant'],lung transplant centers near me
['kidney transplant'],kidney transplant anatomy
['liver transplant'],liver transplant ventilator
['lung transplant'],lung transplant denied
['lung transplant'],clad lung transplant
['heart-lung transplant'],pediatric heart lung transplant
['pancreas transplant'],pancreas transplant diagnosis code
['kidney transplant'],transplant a young tree
['pancreas transplant'],pancreas transplant for cancer
['liver transplant'],liver transplant vomiting
['lung transplant'],lung kidney transplant
['lung transplant'],lung transplant for covid
['liver transplant'],liver transplant levels
['liver transplant'],liver transplant oklahoma
['liver transplant'],zepbound liver transplant
['liver transplant'],liver transplant from living donor
['heart-lung transplant'],reasons for heart lung transplant
['lung transplant'],lung transplant diagram
['pancreas transplant'],pancreatic transplant urethral injury
['kidney transplant'],why kidney transplant in iliac fossa
['liver transplant'],liver transplant jump graft
['lung transplant'],lung transplant statistics
['lung transplant'],lung transplant gvhd
['lung transplant'],lung transplant anastomosis
['heart transplant'],liver transplantation
['heart transplant'],heart transplant biopsy grade
['heart transplant'],when is national heart transplant day
['liver transplant'],liver transplant match
['lung transplant'],lung transplant precautions
['pancreas transplant'],pancreas transplant mexico
['heart transplant'],heart transplant anniversary
['lung transplant'],lung transplant arizona
['heart transplant'],zooplastic heart transplant
['lung transplant'],lung transplant vagus nerve
['lung transplant'],lung transplant surgeon salary
['liver transplant'],liver transplant o positive
['pancreas transplant'],pancreas transplant drg
['kidney transplant'],kidney transplant zero to finals
['heart transplant'],heart transplant drugs
['pancreas transplant'],pancreas transplant cost in apollo hospital
['lung transplant'],lung transplant life expectancy
['kidney transplant'],when kidney transplant is done
['liver transplant'],who is the longest liver transplant survivor
['heart transplant'],how heart transplant is possible
['heart-lung transplant'],heart lung liver transplant
['lung transplant'],lung transplant blood type
['pancreas transplant'],how long do pancreas transplants last
['liver transplant'],why did michelle trachtenberg have a liver transplant
['pancreas transplant'],pancreas transplant blood supply
['lung transplant'],lung transplant anesthesia
['kidney transplant'],xvivo kidney transplant
['kidney transplant'],kidney transplant status z94 0
['heart-lung transplant'],heart lung transplant surgeon
['liver transplant'],liver transplant immunosuppression
['liver transplant'],why ascites after liver transplant
['lung transplant'],lung transplant hospital rankings
['heart transplant'],heart transplant no incision
['heart-lung transplant'],stanford heart lung transplant program
['liver transplant'],liver transplant nutrition guidelines
['kidney transplant'],kidney transplant cost without insurance
['heart transplant'],partial heart transplant
['heart transplant'],heart transplant year
['kidney transplant'],what is cadaver kidney transplant
['kidney transplant'],kidney transplant in cats
['lung transplant'],lung transplant tacrolimus goal
['liver transplant'],how long liver transplant list
['liver transplant'],liver transplant vanderbilt
['lung transplant'],lung transplant rejection rate
['liver transplant'],liver transplant gallbladder
['heart transplant'],what of heart transplants are successful
['kidney transplant'],how kidney transplant match
['heart-lung transplant'],international society of heart lung transplant
['lung transplant'],lung transplant temple
['lung transplant'],zambon lung transplant
['kidney transplant'],kidney transplant news today
['liver transplant'],liver transplant operative steps
['heart transplant'],heart transplant experience
['liver transplant'],liver transplant vasculature
['lung transplant'],lung transplant anatomy
['kidney transplant'],kidney transplant evaluation
['liver transplant'],liver transplant mexico city
['pancreas transplant'],pancreas transplant turkey
['lung transplant'],lung transplant karachi
['heart-lung transplant'],longest living heart lung transplant recipient
['liver transplant'],liver transplant groups
['kidney transplant'],kidney transplant diet restrictions
['kidney transplant'],what's a transplant surgery
['pancreas transplant'],pancreas transplant age limit
['liver transplant'],liver transplant ucla
['pancreas transplant'],pancreas transplant biopsy
['heart transplant'],heart transplant in dogs
['lung transplant'],lung transplant uf health
['lung transplant'],lung transplant ucsd
['kidney transplant'],kidney transplant nephrologist
['liver transplant'],liver transplant michelle trachtenberg cause of death
['heart transplant'],xvivo heart transplant
['heart transplant'],heart transplant numbers
['liver transplant'],who liver transplant guidelines
['pancreas transplant'],pancreas transplant vasculature
['lung transplant'],lung transplant vancouver
['pancreas transplant'],how to get pancreas transplant
['kidney transplant'],kidney transplant blood type
['kidney transplant'],kidney transplant explained
['pancreas transplant'],pancreas transplant guidelines
['lung transplant'],lung transplant success rate
['kidney transplant'],kidney transplant quora
['heart transplant'],heart transplant life expectancy
['liver transplant'],liver transplant info
['pancreas transplant'],how many pancreas transplants per year
['lung transplant'],lung transplant osu
['kidney transplant'],kidney transplant pictures
['kidney transplant'],kidney transplants per year
['lung transplant'],lung transplant compatibility
['kidney transplant'],why kidney transplant is better than dialysis
['kidney transplant'],kidney transplant education for patients
['liver transplant'],liver transplant living donor requirements
['liver transplant'],liver transplant for dogs
['kidney transplant'],kidney transplant center near me
['pancreas transplant'],pancreas transplant diagram
['lung transplant'],lung transplant hospitals in florida
['liver transplant'],how long a person live after liver transplant
['pancreas transplant'],ozempic pancreas transplant
['kidney transplant'],what happens after a failed kidney transplant
['lung transplant'],lung transplant video
['liver transplant'],liver transplant before and after
['pancreas transplant'],pancreas transplant ucsf
['liver transplant'],liver transplant education
['heart transplant'],why do heart transplants fail
['lung transplant'],lung transplant survival rate reddit
['lung transplant'],who paid for ben askren lung transplant
['liver transplant'],liver transplant emory
['liver transplant'],liver transplant precautions
['lung transplant'],lung transplant programs
['liver transplant'],liver transplant cause of death
['heart transplant'],heart transplant baby
['kidney transplant'],how kidney transplant works
['lung transplant'],lung transplant diagnosis code
['lung transplant'],why are lung transplants so difficult
['liver transplant'],liver transplant at age 65
['pancreas transplant'],what happens if pancreas transplant fails
['lung transplant'],lung transplant kidney failure
['heart transplant'],heart transplant nurse
['liver transplant'],liver transplant eligibility
['kidney transplant'],kidney transplant list by state
['lung transplant'],lung transplant financial assistance
['heart-lung transplant'],j heart lung transplant impact factor 2024
['liver transplant'],liver transplant time
['lung transplant'],lung transplant nursing care plan
['pancreas transplant'],pancreas transplant donor
['kidney transplant'],kidney transplant blood type match
['lung transplant'],lung transplant meme
['lung transplant'],lung transplant wisconsin
['kidney transplant'],kidney transplant requirements
['pancreas transplant'],vanderbilt kidney pancreas transplant madison al
['heart-lung transplant'],j heart lung transplant
['lung transplant'],lung transplant hospitals in texas
['liver transplant'],liver transplant rejection symptoms
['liver transplant'],liver transplant jobs
['heart transplant'],heart transplant through preperitoneal space
['kidney transplant'],kidney transplant get well card
['kidney transplant'],where is kidney transplant scar
['lung transplant'],does lung transplant qualify for disability
['pancreas transplant'],pancreas transplant images
['liver transplant'],liver transplant zero to finals
['kidney transplant'],kidney transplant zones
['lung transplant'],lung transplant in cf
['kidney transplant'],kidney transplant vs liver transplant
['lung transplant'],lung transplant for cancer
['heart transplant'],heart transplant for hfpef
['kidney transplant'],kidney transplant length
['lung transplant'],lung transplant mgh
['lung transplant'],lung transplant kansas city
['heart transplant'],heart transplant heart rate control
['heart-lung transplant'],heart' lung transplant machine
['lung transplant'],what is bolt lung transplant
['pancreas transplant'],pancreas transplant post op care
['heart transplant'],heart transplant openanesthesia
['kidney transplant'],kidney transplant antibiotic prophylaxis dental
['lung transplant'],lung transplant transport
['liver transplant'],liver transplant volume by center
['heart transplant'],heart transplant nclex questions
['heart transplant'],heart transplant mayo clinic
['heart transplant'],heart transplant through abdomen
['liver transplant'],liver transplant hospital rankings
['kidney transplant'],how much kidney transplant in us
['pancreas transplant'],pancreas transplant video
['heart transplant'],heart transplant echo
['heart-lung transplant'],heart and lung transplant clinic st vincent's
['heart transplant'],heart transplant anesthesia
['liver transplant'],liver transplant rejection
['kidney transplant'],kidney transplant with diabetes
['kidney transplant'],kidney transplant gout
['heart transplant'],heart transplant vagus nerve
['lung transplant'],lung transplant in kenya
['liver transplant'],liver transplant for metastatic colon cancer
['heart transplant'],zoe heart transplant svu
['kidney transplant'],kidney transplant bulletin board ideas
['lung transplant'],lung transplant bmi
['heart transplant'],heart transplant length
['kidney transplant'],kidney transplant kdpi
['kidney transplant'],kidney transplant testing
['kidney transplant'],kidney transplant for kids
['pancreas transplant'],when a pancreas transplant has enteric drainage
['heart transplant'],heart transplant yale
['kidney transplant'],kidney transplant month
['heart transplant'],do you die during a heart transplant
['liver transplant'],liver transplant o negative blood type
['liver transplant'],liver transplant venovenous bypass
['lung transplant'],lung transplant hepatitis c
['liver transplant'],liver transplant workup
['liver transplant'],liver transplant partial
['kidney transplant'],kidney transplant voucher program
['heart transplant'],heart transplant green corridor
['kidney transplant'],kidney transplant foods to avoid
['liver transplant'],liver disease
['kidney transplant'],kidney transplant kaiser
['kidney transplant'],kidney transplant type o blood
['liver transplant'],liver transplant enlarged spleen
['liver transplant'],how hard is it to get a liver transplant
['kidney transplant'],kidney transplant qc
['kidney transplant'],kidney dialysis
['lung transplant'],how rare is a lung transplant
['kidney transplant'],kidney transplant registry
['kidney transplant'],kidney transplant not working
['kidney transplant'],kidney transplant vessels
['heart transplant'],heart transplant news
['kidney transplant'],kidney transplant grey's anatomy
['kidney transplant'],how much is kidney transplant in nigeria 2024
['kidney transplant'],kidney transplant diagram
['lung transplant'],lung transplant emphysema
['kidney transplant'],kidney transplant logo
['kidney transplant'],kidney transplant virus
['kidney transplant'],kidney transplant leave kidney in
['heart transplant'],heart transplant ucsd
['liver transplant'],liver transplant drg
['heart transplant'],heart transplant rejection rate
['kidney transplant'],kidney transplant nursing diagnosis
['kidney transplant'],kidney transplant guard
['liver transplant'],liver transplant vaccine recommendations
['heart-lung transplant'],can you get a heart and lung transplant at the same time
['lung transplant'],lung transplant volume by center
['pancreas transplant'],pancreas transplant alone (pta)
['heart transplant'],heart transplant dsa
['lung transplant'],lung transplant on ecmo
['lung transplant'],kylie's lung transplant journey
['liver transplant'],liver transplant university of utah
['heart transplant'],heart transplant dicentra
['lung transplant'],lung transplant asthma
['kidney transplant'],kidney transplant mayo clinic
['heart transplant'],heart transplant prognosis
['pancreas transplant'],pancreas transplant rejection symptoms
['kidney transplant'],kidney transplant icd 10 code
['liver transplant'],liver transplant tylenol
['heart-lung transplant'],pph requiring heart lung transplant assessment
['kidney transplant'],kidney transplant and pregnancy
['kidney transplant'],kidney transplant help from government
['lung transplant'],what is bilateral lung transplant
['kidney transplant'],kidney transplant queue
['liver transplant'],liver transplant bile duct
['heart transplant'],heart transplant without blood transfusion
['lung transplant'],lung transplant ribbon
['liver transplant'],bernie kosar liver transplant
['kidney transplant'],kidney transplant nursing care plan
['liver transplant'],model for end-stage liver disease
['lung transplant'],lung transplant drg
['liver transplant'],liver transplant north carolina
['kidney transplant'],kidney transplant failure symptoms
['liver transplant'],liver transplant contraindications
['kidney transplant'],why kidney transplant on right side
['kidney transplant'],kidney transplant exclusion criteria
['lung transplant'],lung transplant gofundme
['liver transplant'],liver transplant mayo clinic
['lung transplant'],lung transplant upmc
['liver transplant'],liver transplant usc
['pancreas transplant'],pancreas transplant in kids
['pancreas transplant'],pancreas transplant hypoglycemia
['kidney transplant'],kidney transplant gfr
['kidney transplant'],kidney transplant ureter
['kidney transplant'],kidney transplant alcohol
['kidney transplant'],kidney transplant ke bad diet chart
['kidney transplant'],kidney transplant weight requirements
['heart transplant'],heart transplant grants
['heart transplant'],heart transplant glasgow
['lung transplant'],interstitial lung disease
['heart transplant'],heart transplant blood pressure
['heart transplant'],heart transplant outcomes by center
['lung transplant'],lung transplant risks
['kidney transplant'],kidney transplant rules
['kidney transplant'],kidney transplant grants
['kidney transplant'],kidney transplant medicaid
['kidney transplant'],can you have kidney transplant
['lung transplant'],lung transplant exercise guidelines
['kidney transplant'],kidney transplant facts
['lung transplant'],lung transplant nejm
['liver transplant'],what causes liver transplant
['kidney transplant'],kidney transplant in spanish
['heart-lung transplant'],european heart and lung transplant federation
['heart transplant'],heart transplant nutrition guidelines
['heart-lung transplant'],heart and lung transplant trust
['kidney transplant'],kidney transplant post op care
['kidney transplant'],kidney disease
['kidney transplant'],how to kidney transplant surgeon simulator
['kidney transplant'],kidney transplant unit
['kidney transplant'],kidney transplant color
['kidney transplant'],kidney transplant warrior
['lung transplant'],lung transplant awareness month
['lung transplant'],lung transplant virginia
['heart-lung transplant'],heart and lung transplant cleveland clinic
['kidney transplant'],kidney transplant bonus
['kidney transplant'],kidney transplant prognosis
['heart transplant'],heart transplant longest survivor
['heart-lung transplant'],eisenmenger syndrome heart lung transplant
['liver transplant'],liver transplant quora
['liver transplant'],liver cancer
['kidney transplant'],kidney transplant ucla
['liver transplant'],liver transplant johns hopkins
['liver transplant'],liver transplant side effects
['kidney transplant'],kidney transplant box
['kidney transplant'],kidney transplant vanderbilt
['kidney transplant'],where is a kidney transplant location
['liver transplant'],liver transplant vcu
['kidney transplant'],kidney transplant compatibility
['lung transplant'],lung transplant bone marrow
['liver transplant'],can you share a liver transplant
['liver transplant'],liver transplant medicare
['kidney transplant'],kidney transplant quality of life
['kidney transplant'],kidney transplant quarantine
['lung transplant'],lung transplant bronchoscopy
['lung transplant'],lung transplant evlp
['kidney transplant'],kidney transplant bmi
['kidney transplant'],kidney transplant coordinator salary
['liver transplant'],liver transplant yale
['pancreas transplant'],pancreas transplant thrombosis
['lung transplant'],lung transplant duke
['lung transplant'],lung transplant bronchiolitis obliterans
['kidney transplant'],kidney transplant from family member
['liver transplant'],liver transplant with hep c
['kidney transplant'],kidney transplant go bag
['liver transplant'],liver transplant score
['kidney transplant'],kidney transplant glomerular filtration rate
['heart transplant'],heart transplant organization
['kidney transplant'],kidney transplant party ideas
['heart transplant'],heart transplant for cats
['heart transplant'],heart transplant vs pacemaker
['kidney transplant'],kidney transplant recipient
['pancreas transplant'],pancreas transplant life expectancy
['heart transplant'],heart transplant vs bypass surgery
['lung transplant'],lung transplant vanderbilt
['heart transplant'],heart transplant vs lvad
['kidney transplant'],kidney transplant tacrolimus
['heart transplant'],heart transplant denervation
['liver transplant'],why are liver transplants common
['kidney transplant'],kidney transplant games
['heart transplant'],heart transplant ucla
['liver transplant'],liver transplant osteoporosis
['liver transplant'],liver transplant gofundme
['pancreas transplant'],pancreas transplant private
['heart transplant'],heart transplant exercise guidelines
['heart transplant'],heart transplant after heart attack
['lung transplant'],lung transplant grand rapids mi
['liver transplant'],liver transplant prognosis
['heart transplant'],heart transplant atropine
['liver transplant'],liver transplant biliary complications
['heart-lung transplant'],heart transplant pulmonary veins
['heart transplant'],heart transplant bible verse
['heart transplant'],heart transplant disease
['liver transplant'],liver transplant journal impact factor
['liver transplant'],liver transplant hospitals in florida
['heart transplant'],covid vaccine heart transplant patients
['heart transplant'],heart transplant vaccine requirements
['kidney transplant'],kidney transplant oregon
['heart transplant'],heart transplant priority list
['heart transplant'],jackson browne heart transplant
['heart transplant'],heart transplant minimally invasive
['liver transplant'],liver transplant incision
['lung transplant'],lung transplant jackson memorial hospital
['pancreas transplant'],when pancreas is removed
['liver transplant'],liver transplant post op care
['lung transplant'],xvivo lung transplant
['kidney transplant'],kidney transplant breakthrough
['kidney transplant'],kidney transplant can you drink after
['liver transplant'],liver transplant foundation
['heart transplant'],heart transplant program
['heart transplant'],heart transplant diagnosis code
['lung transplant'],lung transplant germany
['lung transplant'],lung transplant vcu
['kidney transplant'],kidney transplant egfr
['lung transplant'],lung transplant que es
['liver transplant'],liver transplant ribbon
['heart-lung transplant'],heart and lung transplant clinic falls church
['heart transplant'],organ transplantation
['kidney transplant'],kidney transplant yale
['lung transplant'],lung transplant mexico
['kidney transplant'],kidney transplant exposure
['kidney transplant'],kidney transplant jackson ms
['heart transplant'],heart transplant nj
['heart transplant'],heart transplant scar
['liver transplant'],how many liver transplants per year
['liver transplant'],liver transplant quality of life
['lung transplant'],lung transplant numbers
['lung transplant'],lung transplant yale
['kidney transplant'],kidney failure
['liver transplant'],liver transplant nashville tn
['kidney transplant'],kidney transplant programs
['pancreas transplant'],pancreas transplant numbers
['heart transplant'],heart transplant quora
['liver transplant'],liver transplant uva
['heart transplant'],heart transplant mri safety
['kidney transplant'],kidney transplant benefits
['kidney transplant'],kidney transplant jamaica
['kidney transplant'],kidney transplant ucsf
['liver transplant'],liver failure
['heart transplant'],heart transplant one tree hill
['heart-lung transplant'],can you have a lung transplant without a heart transplant
['kidney transplant'],how successful are kidney transplants
['liver transplant'],liver transplant rejection rate
['kidney transplant'],kidney transplant fundraiser
['pancreas transplant'],pancreas transplant to bladder
['liver transplant'],liver transplant foods to avoid
['liver transplant'],liver transplant bilirubin levels
['liver transplant'],liver transplant uptodate
['heart transplant'],heart transplant kidney
['heart transplant'],heart transplant boston
['heart-lung transplant'],domino heart lung transplant
['heart transplant'],heart transplant hospitals in florida
['kidney transplant'],kidney transplant jacksonville florida
['kidney transplant'],kidney transplant journal
['lung transplant'],lung transplant medication side effects
['lung transplant'],lung transplant anniversary
['lung transplant'],lung transplant northwestern
['kidney transplant'],kidney transplant in sheikh zayed hospital lahore
['lung transplant'],lung transplant jefferson
['heart transplant'],heart transplant out
['liver transplant'],liver transplant in spanish
['kidney transplant'],kidney transplant in mexico
['kidney transplant'],kidney transplant centers
['kidney transplant'],kidney transplant covid vaccine
['kidney transplant'],kidney transplant virginia
['liver transplant'],liver transplant grey's anatomy
['kidney transplant'],kidney transplant numbers
['heart transplant'],heart transplant team
['kidney transplant'],kidney transplant johns hopkins
['lung transplant'],lung transplant for stage 4 lung cancer
['heart transplant'],heart transplant procedure step by step
['heart transplant'],heart transplant cost medicare
['liver transplant'],liver transplant gvhd
['kidney transplant'],what's a transplant coordinator
['liver transplant'],trachtenberg liver transplant
['liver transplant'],liver transplant jaundice
['lung transplant'],lung transplant johns hopkins
['liver transplant'],liver transplant vv bypass
['lung transplant'],lung transplant nyu
['liver transplant'],liver transplant ummc
['lung transplant'],lung transplant gifts
['lung transplant'],lung transplant perfusion
['liver transplant'],liver transplant recovery
['pancreas transplant'],pancreas transplant ct
['kidney transplant'],kidney transplant belly
['lung transplant'],lung transplant northwell
['heart-lung transplant'],heart and lung transplant unit mater hospital
['liver transplant'],liver transplant labs
['heart transplant'],heart transplant precautions
['lung transplant'],lung transplant kentucky
['lung transplant'],lung transplant peanut allergy
['lung transplant'],lung transplant boston
['kidney transplant'],kidney transplant o positive
['pancreas transplant'],has anyone ever had a pancreas transplant
['lung transplant'],lung transplant ohio state
['lung transplant'],lung transplant one or two
['kidney transplant'],kidney transplant gofundme
['liver transplant'],liver transplant virginia
['heart transplant'],heart transplant ecg
['kidney transplant'],kidney transplant uh
['pancreas transplant'],emory pancreas transplant
['kidney transplant'],kidney transplant vomiting
['kidney transplant'],kidney transplant lupus
['liver transplant'],liver transplant medications
['liver transplant'],liver transplant protocol
['heart transplant'],heart transplant drg
['heart transplant'],heart transplant patient unvaccinated
['lung transplant'],lung transplant waiting list texas
['kidney transplant'],nate robinson kidney transplant
['pancreas transplant'],pancreas transplant anesthesia
['kidney transplant'],kidney transplant foundation
['lung transplant'],lung transplant quarter
['lung transplant'],lung transplant biopsy pathology outlines
['kidney transplant'],kidney transplant options
['kidney transplant'],how kidney donation
['liver transplant'],liver transplant exception points
['liver transplant'],liver transplant centers
['heart transplant'],why heterotopic heart transplant
['heart transplant'],heart transplant after care
['kidney transplant'],kidney transplant vs dialysis survival
['kidney transplant'],when you get a kidney transplant is the old one removed
['heart transplant'],heart transplant life expectancy child
['kidney transplant'],why kidney transplant patient
['kidney transplant'],kidney transplant cpt
['kidney transplant'],kidney transplant uva
['pancreas transplant'],pancreas transplant utmc
['pancreas transplant'],belatacept pancreas transplant
['liver transplant'],liver transplant grapefruit
['heart transplant'],heart transplant quality of life
['heart transplant'],heart transplant financial assistance
['kidney transplant'],kidney transplant osteoporosis
['heart transplant'],heart transplant awareness
['heart transplant'],heart transplant dietary restrictions
['heart transplant'],heart transplant vs open heart surgery
['heart transplant'],heart transplant journals
['heart-lung transplant'],alfred hospital heart lung transplant unit
['lung transplant'],grey's anatomy lung transplant
['heart transplant'],heart transplant diet
['kidney transplant'],kidney transplant jefferson
['heart-lung transplant'],heart and lung transplant national recovery program
['lung transplant'],lung transplant what to expect
['heart transplant'],heart transplant emotional effects
['heart transplant'],heart transplant guidelines ishlt
['lung transplant'],lung transplant infection
['heart transplant'],heart transplant vanderbilt
['pancreas transplant'],pancreas transplant exocrine
['heart transplant'],heart transplant baylor
['lung transplant'],do they transplant lungs
['lung transplant'],lung transplant gastroparesis
['kidney transplant'],kidney transplant personality change
['kidney transplant'],kidney transplant uab
['lung transplant'],lung transplant ventilator
['kidney transplant'],where can you get kidney transplant
['liver transplant'],liver transplant ct
['heart transplant'],heart transplant ecmo
['heart transplant'],heart transplant transportation
['heart transplant'],heart transplant vasculopathy
['liver transplant'],liver transplant hospital in san antonio
['heart transplant'],heart transplant for chf
['kidney transplant'],kidney transplant labs
['heart-lung transplant'],j heart lung transplant abbreviation
['liver transplant'],liver transplant unmc
['heart transplant'],heart transplant johns hopkins
['lung transplant'],lung transplant emory
['heart transplant'],heart transplant education
['liver transplant'],can a liver transplant kill you
['lung transplant'],lung transplant kansas
['heart transplant'],heart failure
['kidney transplant'],kidney transplant after care
['kidney transplant'],kidney transplant ke bad
['kidney transplant'],kidney transplant conferences 2025
['lung transplant'],lung transplant mayo clinic
['heart-lung transplant'],heart and lung transplant chennai
['liver transplant'],liver transplant compatibility
['heart-lung transplant'],heart lung transplant failure icd
['liver transplant'],liver transplant quebec
['lung transplant'],lung transplant grants
['liver transplant'],liver transplant medicaid
['heart transplant'],heart transplant cost with insurance
['kidney transplant'],kidney transplant on ct
['heart transplant'],heart transplant indications
['liver transplant'],liver transplant hcc
['kidney transplant'],kidney transplant jobs
['heart transplant'],heart transplant status z94 1
['heart transplant'],heart transplant liver
['heart transplant'],heart transplant level 2
['pancreas transplant'],georgetown pancreas transplant
['liver transplant'],liver transplant for cholangiocarcinoma
['liver transplant'],liver transplant anti rejection meds
['lung transplant'],lung transplant education ucsf
['heart transplant'],heart transplant exclusion criteria
['heart transplant'],heart transplant guidelines 2024
['liver transplant'],liver transplant youngstown baby
['heart transplant'],heart transplant fellowship
['lung transplant'],lung transplant waitlist mortality
['liver transplant'],liver transplant coordinator
['lung transplant'],lung transplant cpt code
['kidney transplant'],how transplant a plant
['kidney transplant'],kidney transplant abbreviation
['kidney transplant'],kidney transplant mortality rate
['liver transplant'],liver transplant living donor risks
['liver transplant'],liver transplant orthotopic
['kidney transplant'],why does the body reject kidney transplants
['pancreas transplant'],pancreas transplant pubmed
['lung transplant'],lung transplant longest survivor
['heart-lung transplant'],heart and lung transplant advantages and disadvantages
['kidney transplant'],kidney transplant medications list
['heart transplant'],heart transplant information
['lung transplant'],can you have a single lung transplant
['lung transplant'],who performs lung transplants
['lung transplant'],lung transplant immunosuppression
['liver transplant'],what is liver transplant status
['kidney transplant'],kidney transplant questionnaire
['lung transplant'],lung transplant jake paul
['lung transplant'],lung transplant housing support
['lung transplant'],lung transplant news
['heart transplant'],heart transplant ucsf
['kidney transplant'],kidney transplant journey
['heart-lung transplant'],heart lung transplantation ppt
['kidney transplant'],kidney transplant status
['lung transplant'],how long lung transplant list
['kidney transplant'],nick cannon kidney transplant
['pancreas transplant'],pancreas transplant cost in canada
['lung transplant'],lung transplant mortality rate
['heart-lung transplant'],heart lung block transplant
['lung transplant'],lung transplant edmonton
['liver transplant'],liver transplant hospitals in california
['lung transplant'],lung transplant best hospital in india
['kidney transplant'],kidney transplant for dogs
['kidney transplant'],chronic kidney disease
['kidney transplant'],kidney transplant financial assistance
['liver transplant'],liver transplant georgetown
['liver transplant'],liver transplant weight loss
['liver transplant'],liver transplant odds
['lung transplant'],lung transplant diet
['heart transplant'],heart transplant breakthrough
['liver transplant'],liver transplant journal
['lung transplant'],lung transplant sarcoidosis
['liver transplant'],liver transplant list wait time
['heart transplant'],heart transplant new orleans
['lung transplant'],lung transplant testing
['liver transplant'],liver transplant facts
['kidney transplant'],why kidney transplant fails
['liver transplant'],liver transplant ucsf
['kidney transplant'],kidney transplant bk virus
['kidney transplant'],kidney transplant and dental treatment
['heart-lung transplant'],heart transplant pulmonary artery
['liver transplant'],liver transplant ke bad
['heart transplant'],heart transplant chronic condition
['kidney transplant'],kidney transplant surgeon salary
['heart transplant'],heart transplant ribbon
['liver transplant'],liver transplant dx code
['heart transplant'],heart transplant before and after
['kidney transplant'],kidney transplant without removing old kidney
['lung transplant'],lung transplant risk | brilliant math & science wiki
['heart-lung transplant'],methodist heart and lung transplant
['heart transplant'],heart transplant centers
['heart-lung transplant'],heart and lung transplant coordinator
['kidney transplant'],kidney transplant outcomes
['liver transplant'],liver transplant guidelines 2024
['heart-lung transplant'],heart and lung transplant nurse
['kidney transplant'],kidney transplant unmc
['liver transplant'],liver transplant kidney problems
['heart transplant'],heart transplant cpt
['heart transplant'],heart transplant waiting list texas
['kidney transplant'],kidney transplant center rankings
['kidney transplant'],xarelto kidney transplant
['heart-lung transplant'],deborah heart and lung transplant
['kidney transplant'],kidney transplant placement
['kidney transplant'],kidney transplant for cats cost
['kidney transplant'],kidney transplant hair loss
['liver transplant'],liver transplant bypass
['liver transplant'],liver transplant vumc
['lung transplant'],lung transplant usc
['liver transplant'],liver transplant new orleans
['pancreas transplant'],pancreas transplant nutrition
['kidney transplant'],kidney transplant worms
['pancreas transplant'],pancreas transplant near me
['kidney transplant'],kidney transplant quiz
['kidney transplant'],kidney transplant wait time by blood type
['lung transplant'],lung transplant azithromycin prophylaxis
['heart transplant'],heart transplant facts
['kidney transplant'],kidney transplant rejection rate
['heart-lung transplant'],heart lung transplant surgeon in seawoods
['kidney transplant'],kidney transplant jobs near me
['heart transplant'],heart transplant quality indicators
['liver transplant'],liver transplant diet pdf
['heart transplant'],how long can you live with a transplant heart
['kidney transplant'],kidney transplant needed
['lung transplant'],lung transplant color
['heart transplant'],heart transplant cav
['lung transplant'],lung transplant animation
['liver transplant'],liver transplant diabetes
['kidney transplant'],kidney transplant team
['liver transplant'],what of liver transplants are successful
['heart transplant'],heart transplant qualifications
['liver transplant'],liver transplant testing
['lung transplant'],lung transplant vienna
['heart transplant'],heart transplant memories
['heart-lung transplant'],combined heart lung transplant
['kidney transplant'],kidney transplant workup
['heart-lung transplant'],heart and lung transplant icu uab
['lung transplant'],double lung transplant qualifications
['liver transplant'],liver transplant xray
['pancreas transplant'],pancreas transplant boston
['liver transplant'],liver transplant aftercare
['liver transplant'],liver transplant pittsburgh
['liver transplant'],liver transplant failure symptoms
['pancreas transplant'],is a pancreas transplant worth it
['heart transplant'],heart transplant candidate
['heart transplant'],heart transplant x ray
['liver transplant'],liver transplant questions to ask
['kidney transplant'],kidney transplant guidelines
['lung transplant'],are lung transplants worth it
['heart transplant'],heart transplant icd code
['heart-lung transplant'],freeman heart & lung transplant association
['liver transplant'],liver transplant alternatives
['lung transplant'],lung transplant box
