video_id,meta_has_title,meta_has_description,meta_video_duration,meta_description_unique_words,meta_like_count,meta_comment_count,meta_subscriber_count,meta_sentiment,average_word_length,lexical_diversity,medical_density,medical_mention_count,rare_term_ratio_unique,term_clustering_concentrated,term_clustering_gini,condition_ratio,symptom_ratio,therapy_ratio,medication_ratio,anatomy_ratio,location_ratio,measurement_ratio,activity_ratio,other_ratio,passive_voice_ratio,sentence_length_std,syntax_tree_depth,subordinate_clause_density,average_dependency_distance,pronoun_frequency,word_count
-QtYNPHW0mQ,True,True,211.0,55,0,0,13500,3.0,1.508,0.444,0.0328185328185328,17.0,0.8666666666666667,False,0.2823529411764707,0.0588235294117647,0.0,0.1176470588235294,0.2352941176470588,0.0,0.0588235294117647,0.0588235294117647,0.0,0.4705882352941176,0.176,5.99,6.12,0.048,2.69,0.114,520.0
0H_xTEHRK0g,True,True,329.0,46,6,0,697000,3.0,1.481,0.35,0.0546875,49.0,0.8717948717948718,True,0.4816326530612245,0.0612244897959183,0.0,0.4081632653061224,0.0,0.0,0.0816326530612244,0.0612244897959183,0.0,0.3877551020408163,4.0,132.71,13.6,0.369,5.22,0.111,895.0
0UvOSHJz7U0,True,True,120.0,78,21,5,42900,3.0,1.622,0.605,0.270042194092827,64.0,0.9152542372881356,False,0.03125,0.0625,0.109375,0.1875,0.0,0.046875,0.15625,0.03125,0.0,0.40625,0.0,79.44,8.2,0.194,5.3,0.116,235.0
13X23gF0K_4,True,True,243.0,25,4,0,56400,3.0,1.5,0.424,0.0125786163522012,8.0,1.0,True,0.3500000000000001,0.0,0.125,0.125,0.0,0.0,0.125,0.0,0.0,0.625,0.167,12.81,5.75,0.061,3.18,0.125,651.0
14m0iXpHVAU,True,True,146.0,84,6,0,45400,3.0,1.441,0.499,0.1040462427745664,36.0,0.9411764705882352,True,0.1888888888888888,0.0,0.1111111111111111,0.3611111111111111,0.0,0.0,0.1388888888888889,0.0555555555555555,0.0,0.3333333333333333,3.0,164.05,12.5,0.516,3.42,0.148,346.0
1IauflS1rR0,True,True,54.0,11,0,0,18300,3.0,1.576,0.676,0.108695652173913,15.0,0.9285714285714286,True,0.32,0.0,0.0,0.4666666666666667,0.0,0.0,0.0666666666666666,0.0,0.0,0.4666666666666667,1.0,0.0,12.0,0.909,3.86,0.106,139.0
1IjYsYT6KmQ,True,True,114.0,67,48,0,18300,3.0,1.279,0.536,0.1894273127753304,43.0,0.975,True,0.213953488372093,0.0232558139534883,0.1627906976744186,0.0232558139534883,0.0,0.0465116279069767,0.0232558139534883,0.0465116279069767,0.1627906976744186,0.5116279069767442,0.0,31.09,4.7,0.11,3.79,0.198,222.0
1KceELBEzgw,True,True,786.0,276,15,5,53700,3.0,1.429,0.243,0.0416054821341164,85.0,0.7966101694915254,True,0.7670588235294118,0.1058823529411764,0.2117647058823529,0.0941176470588235,0.0117647058823529,0.2117647058823529,0.0,0.1294117647058823,0.0,0.2352941176470588,0.577,66.92,9.58,0.079,4.14,0.11,2030.0
1PtxaxcPnGc,True,True,159.0,51,429,14,191000,4.0,1.36,0.396,0.0078125,4.0,1.0,True,0.7,0.0,0.0,0.0,0.0,0.25,0.0,0.0,0.0,0.75,0.257,6.64,5.23,0.051,2.9,0.138,497.0
1hKkuOSe2vw,True,True,490.0,23,174,25,22200,3.0,1.441,0.308,0.0449612403100775,58.0,0.7894736842105263,True,0.6551724137931034,0.0,0.0,0.2068965517241379,0.0,0.2241379310344827,0.3103448275862069,0.0,0.0,0.2586206896551724,5.25,277.74,11.5,0.339,4.95,0.118,1289.0
24v2zQHZUAE,True,True,514.0,35,6,0,216000,3.0,1.615,0.397,0.0670840787119856,75.0,0.847457627118644,True,0.5760000000000001,0.0,0.08,0.72,0.0266666666666666,0.0,0.0,0.0666666666666666,0.0,0.1066666666666666,4.0,335.51,15.0,0.533,7.35,0.09,1119.0
2WOM6we0SyM,True,True,3559.0,98,1,0,674,3.0,1.49,0.16,0.0101665585117888,94.0,0.8166666666666667,True,0.8,0.0425531914893617,0.0,0.2765957446808511,0.0106382978723404,0.0,0.0851063829787234,0.0957446808510638,0.0,0.4893617021276595,0.355,65.39,7.73,0.01,4.2,0.128,9217.0
2n4gXcZ1CMc,True,True,153.0,49,7,0,50000,3.0,1.322,0.488,0.1756373937677053,62.0,0.7441860465116279,False,0.0903225806451613,0.064516129032258,0.064516129032258,0.1774193548387097,0.0,0.032258064516129,0.0967741935483871,0.0806451612903225,0.0,0.4838709677419355,0.0,58.43,8.5,0.205,5.69,0.188,347.0
2uD0VmPdGIE,True,True,55.0,64,2960,47,697000,5.0,1.247,0.639,0.2755102040816326,27.0,0.92,True,0.2962962962962963,0.0,0.037037037037037,0.2962962962962963,0.0,0.0,0.0,0.1481481481481481,0.0,0.5185185185185185,0.0,12.98,4.0,0.226,2.57,0.241,98.0
2zy9LV6ARSI,True,True,166.0,62,7,0,45400,3.0,1.535,0.503,0.10250569476082,45.0,0.918918918918919,True,0.2488888888888889,0.0,0.0,0.4888888888888889,0.0,0.1111111111111111,0.0444444444444444,0.0222222222222222,0.0,0.3333333333333333,6.0,0.0,27.0,0.971,4.51,0.122,441.0
30O9u8iC51g,True,True,134.0,38,126,27,697000,3.0,1.616,0.556,0.2266666666666666,68.0,0.9464285714285714,False,0.1470588235294119,0.0,0.25,0.2941176470588235,0.0294117647058823,0.0735294117647058,0.0294117647058823,0.088235294117647,0.0,0.2352941176470588,3.0,0.0,14.0,0.933,5.52,0.079,302.0
3Fker8Nmd5Y,True,True,191.0,47,184,21,477000,3.0,1.446,0.512,0.0301624129930394,13.0,0.9166666666666666,True,0.4000000000000001,0.0,0.1538461538461538,0.0769230769230769,0.0,0.0769230769230769,0.0769230769230769,0.0,0.0,0.6153846153846154,0.115,8.88,3.94,0.024,2.97,0.138,451.0
4CCA9ojRAoU,True,True,45.0,35,24,0,13100,3.0,1.328,0.597,0.0218978102189781,3.0,1.0,True,0.6666666666666667,0.0,0.0,0.3333333333333333,0.0,0.0,0.0,0.0,0.0,0.6666666666666666,0.0,10.76,6.14,0.324,3.14,0.156,136.0
6obZRepfzGY,True,True,238.0,142,79,12,569000,2.0,1.45,0.471,0.1947565543071161,104.0,0.8850574712643678,True,0.2115384615384616,0.048076923076923,0.1442307692307692,0.173076923076923,0.0,0.048076923076923,0.0288461538461538,0.0961538461538461,0.0096153846153846,0.4519230769230769,1.167,64.0,10.33,0.298,5.0,0.125,528.0
7YRFE8tg-gY,True,True,60.0,72,204,1,135000,3.0,1.6,1.0,0.1,1.0,1.0,True,0.8,0.0,0.0,1.0,0.0,0.0,0.0,0.0,0.0,0.0,1.0,0.0,5.0,0.0,1.8,0.0,10.0
86Iy9c8rSP0,True,True,634.0,107,111,0,22200,3.0,1.416,0.317,0.0331844288449266,52.0,0.9803921568627452,True,0.6692307692307693,0.0769230769230769,0.0961538461538461,0.1538461538461538,0.0,0.0,0.0769230769230769,0.1346153846153846,0.0,0.4615384615384615,0.421,62.1,7.5,0.044,3.68,0.164,1557.0
8uLx9drXbkA,True,True,19.0,20,1,0,939,3.0,1.591,0.886,0.1590909090909091,7.0,0.8333333333333334,True,0.2285714285714286,0.0,0.0,0.2857142857142857,0.0,0.0,0.1428571428571428,0.0,0.0,0.5714285714285714,0.0,0.0,13.0,0.667,2.12,0.136,44.0
8ufoR2cQ04g,True,True,1231.0,176,170,0,45300,3.0,1.526,0.234,0.0031191515907673,10.0,0.8571428571428571,True,0.8,0.0,0.3,0.1,0.0,0.5,0.0,0.1,0.0,0.0,0.348,9.41,6.65,0.011,3.02,0.084,3208.0
98qvFKR8OmQ,True,True,135.0,39,3,0,5490,3.0,1.534,0.524,0.0614334470989761,18.0,0.875,True,0.4888888888888889,0.0,0.0,0.0555555555555555,0.5555555555555556,0.0,0.0555555555555555,0.0,0.0,0.3333333333333333,0.462,13.64,7.08,0.151,3.31,0.12,294.0
9ItbKVrDOtQ,True,True,455.0,19,222,0,13500,3.0,1.65,0.362,0.0610200364298725,67.0,0.8529411764705882,True,0.5671641791044777,0.0149253731343283,0.0895522388059701,0.2238805970149253,0.0,0.2238805970149253,0.044776119402985,0.0149253731343283,0.0,0.3880597014925373,5.8,241.98,10.2,0.512,7.14,0.091,1098.0
9WAD1YM5R14,True,True,292.0,40,194,27,216000,3.0,1.463,0.391,0.0409604519774011,29.0,0.8695652173913043,True,0.4413793103448276,0.0344827586206896,0.2758620689655172,0.2413793103448276,0.0,0.2413793103448276,0.0689655172413793,0.0,0.0344827586206896,0.1034482758620689,0.214,5.54,5.39,0.034,2.71,0.141,709.0
9tt-HuJRIIQ,True,True,205.0,152,31,2,75200,4.0,1.391,0.455,0.0114678899082568,5.0,1.0,True,0.56,0.0,0.0,0.0,0.2,0.0,0.0,0.0,0.0,0.8,0.083,12.37,6.33,0.081,3.09,0.185,441.0
A-M6wSyw6IY,True,True,34.0,53,1,0,674,3.0,1.574,0.653,0.0294117647058823,3.0,1.0,True,0.8,0.0,0.0,0.0,0.0,0.0,0.0,0.0,0.0,1.0,0.25,9.36,4.88,0.188,2.79,0.171,102.0
AUMTTZ5aVIQ,True,True,280.0,142,540,0,45300,3.0,1.394,0.393,0.0084745762711864,6.0,1.0,True,0.6666666666666667,0.0,0.0,0.1666666666666666,0.0,0.0,0.0,0.0,0.0,0.8333333333333334,0.036,8.99,5.11,0.037,2.81,0.13,714.0
CaPxqmkBDEg,True,True,136.0,37,6,0,50000,3.0,1.451,0.469,0.0173267326732673,7.0,1.0,True,0.5142857142857142,0.0,0.0,0.2857142857142857,0.0,0.1428571428571428,0.0,0.0,0.0,0.5714285714285714,0.037,9.92,5.67,0.06,3.16,0.128,402.0
CqeNdL_qJEg,True,True,2355.0,42,55,3,952,3.0,1.478,0.143,0.0068853786958282,51.0,0.8378378378378378,True,0.8,0.1764705882352941,0.0,0.2156862745098039,0.0784313725490196,0.0196078431372549,0.0588235294117647,0.2156862745098039,0.0,0.2352941176470588,0.235,46.63,6.7,0.009,3.73,0.138,7360.0
DjTC8drkMEE,True,True,2270.0,25,55,2,569000,3.0,1.641,0.212,0.0154064463815122,76.0,0.7916666666666666,True,0.8,0.0131578947368421,0.0,0.0789473684210526,0.2894736842105263,0.0263157894736842,0.1710526315789473,0.0263157894736842,0.0,0.3947368421052631,7.889,605.44,14.78,0.234,13.42,0.094,4928.0
E9Dnyym6a94,True,True,82.0,92,10,0,1220000,3.0,1.481,0.535,0.2157894736842105,41.0,0.9666666666666668,False,0.0585365853658537,0.073170731707317,0.073170731707317,0.1707317073170731,0.0,0.048780487804878,0.0,0.073170731707317,0.0,0.5609756097560976,0.083,12.79,5.75,0.132,3.14,0.149,190.0
GHyF9JuWE6Q,True,True,3480.0,90,3,0,674,3.0,1.467,0.162,0.0065972867496747,71.0,0.8870967741935484,True,0.8,0.056338028169014,0.0422535211267605,0.1549295774647887,0.0,0.0,0.1971830985915492,0.056338028169014,0.0,0.4929577464788732,0.529,102.91,7.53,0.01,5.02,0.129,10721.0
GJ_g6aDAx9k,True,True,55.0,81,68,3,6380,3.0,1.383,0.547,0.2325581395348837,30.0,0.8260869565217391,False,0.1066666666666666,0.1333333333333333,0.0,0.2666666666666666,0.0333333333333333,0.0,0.0333333333333333,0.1333333333333333,0.0,0.4,0.0,0.0,13.0,0.909,5.67,0.128,129.0
GXyEZXJCoYc,True,True,1387.0,105,4,0,216000,3.0,1.527,0.207,0.0002587991718426,1.0,1.0,True,0.8,0.0,0.0,0.0,0.0,0.0,0.0,0.0,0.0,1.0,0.122,13.16,6.42,0.012,3.36,0.153,3854.0
GeMEopvNJUM,True,True,264.0,41,40,8,10700,4.0,1.442,0.491,0.1929824561403508,88.0,0.8783783783783784,False,0.0454545454545454,0.0681818181818181,0.125,0.2045454545454545,0.0113636363636363,0.034090909090909,0.1022727272727272,0.0909090909090909,0.0,0.3636363636363636,0.385,45.38,6.23,0.11,4.03,0.169,457.0
HGeInTptfyU,True,True,2075.0,121,111,0,45300,3.0,1.607,0.238,0.0026565464895635,14.0,0.9230769230769232,True,0.8,0.0,0.0,0.0,0.0,0.3571428571428571,0.0,0.0714285714285714,0.0,0.5714285714285714,0.336,7.94,6.28,0.007,2.95,0.098,5261.0
HggDQUjOnDQ,True,True,3551.0,32,8,0,14600,3.0,1.379,0.141,0.0073737946681792,78.0,0.8840579710144928,True,0.8,0.0128205128205128,0.1025641025641025,0.0769230769230769,0.0128205128205128,0.0128205128205128,0.141025641025641,0.1282051282051282,0.0384615384615384,0.4743589743589743,0.249,45.96,6.47,0.006,3.7,0.141,10526.0
Hjnd67MKhy0,True,True,182.0,40,4,0,477000,3.0,1.695,0.416,0.1314553990610328,56.0,0.8095238095238095,True,0.2214285714285715,0.0178571428571428,0.0,0.6607142857142857,0.0,0.0178571428571428,0.0357142857142857,0.0178571428571428,0.0,0.25,8.0,0.0,19.0,0.947,7.79,0.112,426.0
IFLM_lpiS70,True,True,3454.0,38,2,0,1100,3.0,1.506,0.159,0.0094235033259423,68.0,0.896551724137931,True,0.8,0.0,0.0147058823529411,0.3382352941176471,0.0,0.0147058823529411,0.1029411764705882,0.1029411764705882,0.0,0.4264705882352941,0.879,113.54,8.63,0.016,5.05,0.097,7207.0
IkBMQ2QTmfc,True,True,560.0,26,58,3,56400,3.0,1.528,0.268,0.0085151676423629,16.0,0.9333333333333332,True,0.75,0.0,0.25,0.0,0.4375,0.0,0.0,0.0,0.0,0.3125,0.333,7.86,6.01,0.02,2.87,0.112,1876.0
JY8Dp1pKx1U,True,True,61.0,21,0,0,50000,3.0,1.2,0.619,0.284313725490196,29.0,0.7916666666666666,True,0.2068965517241379,0.0,0.0689655172413793,0.0344827586206896,0.0,0.0,0.0344827586206896,0.1379310344827586,0.0344827586206896,0.6896551724137931,0.25,21.51,7.0,0.36,3.29,0.231,105.0
K69DQUq-HGo,True,True,62.0,59,5,0,27400,3.0,1.537,0.705,0.2708333333333333,26.0,0.96,True,0.1692307692307693,0.0,0.0769230769230769,0.0769230769230769,0.0,0.0,0.0,0.0769230769230769,0.0,0.7692307692307693,0.5,60.1,7.5,0.75,4.13,0.186,96.0
KIvYlZ_HaEA,True,True,3565.0,128,3,0,674,3.0,1.532,0.187,0.0013156452143405,12.0,0.9090909090909092,True,0.8,0.0,0.0,0.0,0.0,0.25,0.1666666666666666,0.0,0.0,0.5833333333333334,0.209,17.93,6.5,0.005,3.41,0.097,9105.0
LZH5EQAfBVY,True,True,3425.0,56,3,0,45300,3.0,1.43,0.13,0.0027495970418128,29.0,0.9166666666666666,True,0.8,0.0344827586206896,0.0,0.2068965517241379,0.0,0.1034482758620689,0.1724137931034483,0.0,0.0,0.4827586206896552,0.13,15.92,6.17,0.004,3.27,0.137,10491.0
Lp1eghw7_7Q,True,True,431.0,41,26,3,22200,3.0,1.243,0.303,0.056245434623813,77.0,0.9,True,0.6233766233766234,0.0519480519480519,0.0649350649350649,0.0389610389610389,0.0129870129870129,0.0,0.0779220779220779,0.0259740259740259,0.1038961038961039,0.6233766233766234,0.015,20.31,5.06,0.03,2.9,0.215,1354.0
LpiytTB4ZG4,True,True,843.0,41,0,0,6800,3.0,1.53,0.224,0.0053595355069227,12.0,0.9090909090909092,True,0.8,0.0,0.0,0.0,0.25,0.0,0.1666666666666666,0.0,0.0,0.5833333333333334,0.288,9.92,6.12,0.014,3.14,0.099,2250.0
MeSYFx7ends,True,True,142.0,73,6,0,45400,3.0,1.503,0.539,0.18562874251497,62.0,0.8979591836734694,False,0.1612903225806452,0.0,0.2580645161290322,0.2741935483870967,0.0806451612903225,0.0483870967741935,0.064516129032258,0.032258064516129,0.0,0.2419354838709677,2.0,239.0,9.5,0.926,4.4,0.113,336.0
MhXkknPC_vc,True,True,1669.0,41,325,27,25800,3.0,1.499,0.197,0.0136011717932621,65.0,0.8372093023255814,True,0.8,0.0153846153846153,0.0307692307692307,0.5384615384615384,0.0,0.0153846153846153,0.0,0.0461538461538461,0.0,0.3538461538461538,1.156,215.48,10.0,0.065,4.88,0.14,4762.0
N7kj0sfe6og,True,True,164.0,106,5,0,1220000,3.0,1.504,0.406,0.1864406779661017,88.0,0.8035714285714286,False,0.1090909090909091,0.0113636363636363,0.0113636363636363,0.2613636363636363,0.0,0.0,0.0568181818181818,0.0227272727272727,0.0,0.6363636363636364,1.333,247.11,13.67,0.33,4.18,0.14,472.0
NGr8q36Cmj8,True,True,3489.0,18,2,0,45300,3.0,1.439,0.138,0.0050791753809381,51.0,0.9130434782608696,True,0.8,0.0588235294117647,0.0196078431372549,0.3529411764705882,0.0,0.0196078431372549,0.1176470588235294,0.0,0.0,0.4313725490196078,0.354,72.03,8.42,0.009,4.47,0.14,9979.0
OLKfH44FVk0,True,True,193.0,37,119,69,191000,3.0,1.373,0.511,0.147005444646098,81.0,0.7692307692307693,True,0.2617283950617284,0.1234567901234567,0.037037037037037,0.0987654320987654,0.0987654320987654,0.0246913580246913,0.037037037037037,0.0987654320987654,0.0,0.4814814814814814,0.538,64.17,5.23,0.104,4.09,0.102,547.0
OiRnjmQUylQ,True,True,223.0,74,19,3,34900,3.0,1.467,0.456,0.1605839416058394,88.0,0.8125,True,0.2727272727272727,0.0113636363636363,0.0795454545454545,0.1704545454545454,0.0113636363636363,0.1704545454545454,0.1136363636363636,0.0795454545454545,0.0,0.3636363636363636,1.375,55.76,10.62,0.189,4.78,0.115,547.0
Oj5N4H6Y9wg,True,True,139.0,108,18,0,144000,3.0,1.659,0.691,0.0078125,1.0,1.0,True,0.8,0.0,0.0,0.0,0.0,0.0,0.0,0.0,0.0,1.0,0.125,5.37,6.38,0.27,2.79,0.091,127.0
OkHESl_I2O8,True,True,311.0,16,642,106,47600,3.0,1.209,0.327,0.0912596401028277,71.0,0.8813559322033898,True,0.4225352112676057,0.0,0.0985915492957746,0.2394366197183098,0.028169014084507,0.0,0.1830985915492957,0.0845070422535211,0.0422535211267605,0.323943661971831,0.097,22.63,6.0,0.053,3.0,0.193,773.0
PLDHbo9nQGY,True,True,3562.0,89,24,0,24900,3.0,1.545,0.179,0.0055149593271749,40.0,0.8857142857142857,True,0.8,0.025,0.05,0.1,0.125,0.0,0.05,0.0,0.0,0.65,2.238,260.41,12.95,0.036,6.11,0.081,7242.0
PnnuV7NCzow,True,True,59.0,29,14,2,697000,3.0,1.733,0.692,0.1224489795918367,18.0,0.7692307692307693,True,0.5333333333333334,0.0,0.0555555555555555,0.2777777777777778,0.0,0.1666666666666666,0.0555555555555555,0.1111111111111111,0.0,0.3333333333333333,0.2,7.64,5.6,0.14,2.76,0.047,148.0
Q75-R4EMtZI,True,True,1768.0,116,11,2,17400,3.0,1.467,0.185,0.000605815831987,3.0,1.0,True,0.8,0.0,0.0,0.0,0.0,0.0,0.0,0.0,0.0,1.0,0.063,13.05,6.01,0.008,3.34,0.135,4947.0
Q88c7drpQrw,True,True,137.0,64,13,2,15600,2.0,1.267,0.45,0.1585365853658536,52.0,0.9090909090909092,False,0.0923076923076924,0.0384615384615384,0.2115384615384615,0.173076923076923,0.0576923076923076,0.0,0.0769230769230769,0.0384615384615384,0.0384615384615384,0.3653846153846153,0.091,29.07,6.27,0.102,3.13,0.213,330.0
QPj6e1aqiB0,True,True,211.0,69,57,10,477000,3.0,1.623,0.368,0.2374429223744292,104.0,0.6428571428571429,False,0.123076923076923,0.1923076923076923,0.0192307692307692,0.3365384615384615,0.0384615384615384,0.0096153846153846,0.0192307692307692,0.0384615384615384,0.0,0.3461538461538461,0.4,110.89,9.6,0.279,6.77,0.08,442.0
QapEAECWcJY,True,True,1265.0,88,1220,248,34900,3.0,1.313,0.24,0.0267396907216494,83.0,0.9210526315789472,True,0.8,0.0120481927710843,0.1927710843373494,0.144578313253012,0.0,0.0240963855421686,0.0120481927710843,0.0481927710843373,0.036144578313253,0.5301204819277109,0.181,43.19,7.12,0.028,3.62,0.19,3082.0
RLz_PVzRb8o,True,True,3512.0,88,28,0,17100,3.0,1.478,0.149,0.0076429226536227,75.0,0.7692307692307693,True,0.8,0.0133333333333333,0.0,0.1866666666666666,0.0,0.1333333333333333,0.24,0.0133333333333333,0.0,0.4133333333333333,0.632,105.05,9.11,0.012,4.85,0.131,9787.0
Ra_OdIPXdqE,True,True,445.0,142,7,0,24900,3.0,1.588,0.341,0.1071060762100926,104.0,0.8243243243243243,True,0.5615384615384615,0.0288461538461538,0.2980769230769231,0.1057692307692307,0.3269230769230769,0.0,0.0,0.0,0.0288461538461538,0.2115384615384615,1.0,126.39,10.14,0.255,4.49,0.107,970.0
S3CegUhEd7Y,True,True,195.0,103,16988,1843,697000,3.0,1.482,0.493,0.0536082474226804,26.0,0.8333333333333334,True,0.323076923076923,0.2692307692307692,0.3076923076923077,0.0384615384615384,0.0,0.2307692307692307,0.0,0.0,0.0,0.1538461538461538,0.027,6.52,5.27,0.042,2.84,0.085,483.0
SdH-IhgHD8U,True,True,169.0,22,2,0,50000,3.0,1.576,0.431,0.1269841269841269,56.0,0.9166666666666666,True,0.2357142857142857,0.0357142857142857,0.0,0.4107142857142857,0.0,0.0714285714285714,0.0714285714285714,0.0535714285714285,0.0,0.3571428571428571,3.5,317.49,11.5,0.484,3.84,0.098,442.0
SsXXGYdBdGk,True,True,259.0,114,7,1,15600,4.0,1.274,0.382,0.0111731843575419,8.0,1.0,True,0.4499999999999999,0.0,0.125,0.0,0.0,0.125,0.0,0.125,0.0,0.625,0.032,7.43,3.74,0.019,2.81,0.189,732.0
SuHkwjqlGEg,True,True,71.0,125,13,0,18300,2.0,1.358,0.761,0.2153846153846154,14.0,1.0,True,0.3142857142857143,0.0714285714285714,0.0714285714285714,0.0,0.0,0.0,0.1428571428571428,0.1428571428571428,0.0714285714285714,0.5,0.0,9.5,6.67,0.375,2.85,0.229,67.0
Svuy0sjpP2A,True,True,206.0,46,0,0,3730,3.0,1.47,0.47,0.109375,56.0,0.9818181818181818,True,0.2714285714285716,0.0,0.0535714285714285,0.25,0.0,0.0,0.0535714285714285,0.0178571428571428,0.0178571428571428,0.6071428571428571,0.833,84.83,9.0,0.327,5.33,0.146,515.0
U8ZVlKI_yoA,True,True,251.0,37,119,15,34900,3.0,1.515,0.41,0.154191616766467,103.0,0.8701298701298701,True,0.3728155339805825,0.029126213592233,0.0776699029126213,0.1553398058252427,0.2135922330097087,0.058252427184466,0.0097087378640776,0.0388349514563106,0.0,0.4174757281553398,1.333,130.23,19.33,0.45,4.06,0.133,666.0
UOe4tcUhbQI,True,True,67.0,9,31,0,23100,3.0,1.561,0.561,0.1891891891891892,28.0,0.9629629629629628,False,0.2142857142857144,0.0,0.0714285714285714,0.25,0.0,0.0,0.0714285714285714,0.0714285714285714,0.1071428571428571,0.4285714285714285,2.0,0.0,18.0,0.9,5.19,0.128,148.0
V0yazJUTlb4,True,True,323.0,47,4,0,2910,3.0,1.538,0.377,0.0713391739674593,57.0,0.8604651162790697,True,0.512280701754386,0.175438596491228,0.0,0.2280701754385964,0.0,0.0,0.1403508771929824,0.0175438596491228,0.0,0.4385964912280701,2.667,190.25,19.0,0.422,4.69,0.093,800.0
V3O_FpF4ggo,True,True,2747.0,25,5,0,13800,3.0,1.664,0.208,0.0113616500611781,65.0,0.84,True,0.8,0.3846153846153846,0.1846153846153846,0.1384615384615384,0.0,0.0307692307692307,0.0153846153846153,0.0,0.0,0.2461538461538461,1.818,164.07,10.57,0.038,5.78,0.093,5707.0
VGZRMHA4ics,True,True,142.0,192,3034,0,251000,3.0,1.696,0.466,0.2213438735177865,56.0,0.7954545454545454,True,0.1142857142857143,0.0178571428571428,0.0357142857142857,0.3392857142857143,0.0,0.3035714285714285,0.0,0.0357142857142857,0.0,0.2678571428571428,17.0,0.0,17.0,0.923,3.54,0.012,253.0
V_I6Q56vtjE,True,True,126.0,55,29,0,1220000,5.0,1.345,0.483,0.2195845697329377,74.0,0.890625,False,0.0864864864864864,0.0405405405405405,0.1351351351351351,0.2297297297297297,0.0,0.0405405405405405,0.1216216216216216,0.0945945945945946,0.0675675675675675,0.2702702702702703,0.3,21.22,7.4,0.124,2.8,0.171,338.0
VpSQoQK_Wek,True,True,61.0,30,57,0,50000,3.0,1.24,0.567,0.2022471910112359,36.0,0.8571428571428571,True,0.2555555555555555,0.2222222222222222,0.0277777777777777,0.1666666666666666,0.0,0.0,0.0555555555555555,0.0555555555555555,0.0,0.4722222222222222,0.1,18.39,5.1,0.136,2.59,0.153,178.0
WA2U293-GRg,True,True,1112.0,126,2,0,3210,4.0,1.339,0.205,0.0257731958762886,75.0,0.76,True,0.8,0.0133333333333333,0.0933333333333333,0.1466666666666666,0.0,0.0,0.0133333333333333,0.1333333333333333,0.0133333333333333,0.5866666666666667,0.168,35.23,6.39,0.022,3.35,0.169,2891.0
WZxopWCd9C0,True,True,64.0,31,3,0,28800,3.0,1.516,0.591,0.191358024691358,31.0,0.8636363636363636,False,0.1677419354838709,0.064516129032258,0.1290322580645161,0.2258064516129032,0.0,0.0967741935483871,0.0,0.1612903225806451,0.0,0.3225806451612903,0.0,79.65,8.0,0.762,3.72,0.141,160.0
X5HxpB8u0h8,True,True,3297.0,140,7,0,15400,3.0,1.435,0.157,0.0063314257883842,52.0,0.8611111111111112,True,0.8,0.0,0.0192307692307692,0.3076923076923077,0.0,0.0769230769230769,0.1923076923076923,0.0,0.0,0.4038461538461538,0.37,92.87,8.24,0.012,4.69,0.141,8178.0
XV-pGEY4rxc,True,True,1128.0,60,8,0,1220000,3.0,1.515,0.224,0.0026764804282368,8.0,0.8333333333333334,True,0.8,0.5,0.125,0.0,0.0,0.375,0.0,0.0,0.0,0.0,0.216,14.46,6.71,0.014,3.44,0.136,3004.0
Xa-iEHml8nc,True,True,156.0,70,5,0,36000,2.0,1.387,0.473,0.1071428571428571,51.0,0.9361702127659576,True,0.2745098039215687,0.0,0.1372549019607843,0.2156862745098039,0.0,0.0,0.196078431372549,0.0196078431372549,0.0392156862745098,0.392156862745098,0.444,30.04,10.44,0.206,3.28,0.178,476.0
YJwkoX7KoOA,True,True,148.0,39,9,0,50000,4.0,1.454,0.518,0.0974842767295597,31.0,0.875,False,0.1290322580645162,0.032258064516129,0.0,0.2258064516129032,0.0,0.0,0.0,0.1290322580645161,0.0,0.6129032258064516,0.25,85.89,9.75,0.46,4.82,0.166,319.0
ZCpSiSS0Yv4,True,True,117.0,16,265,16,477000,3.0,1.754,0.496,0.0978723404255319,23.0,0.7142857142857143,True,0.2782608695652173,0.1304347826086956,0.1304347826086956,0.3478260869565217,0.0869565217391304,0.217391304347826,0.0,0.0,0.0,0.0869565217391304,0.5,7.44,5.88,0.076,2.97,0.021,235.0
_kwtFLe2VQQ,True,True,31.0,26,1,0,50000,2.0,1.179,0.632,0.2631578947368421,25.0,0.8636363636363636,False,0.2079999999999999,0.28,0.0,0.08,0.0,0.04,0.04,0.08,0.04,0.44,0.0,44.64,7.0,0.3,2.94,0.212,95.0
a4ibn9IVChI,True,True,125.0,42,45,3,477000,3.0,1.609,0.48,0.0780141843971631,22.0,0.9411764705882352,True,0.3818181818181818,0.0,0.0,0.4545454545454545,0.0,0.0,0.0909090909090909,0.0909090909090909,0.0,0.3636363636363636,1.0,0.0,16.0,0.95,6.8,0.155,283.0
a7gJ73YIz40,True,True,68.0,86,162,1,17100,3.0,1.591,0.614,0.1,14.0,0.75,False,0.2571428571428571,0.0,0.0,0.2857142857142857,0.0,0.3571428571428571,0.0,0.1428571428571428,0.0,0.2142857142857142,0.0,12.07,5.88,0.2,3.07,0.077,140.0
aS3XEPPfNtU,True,True,162.0,31,6,0,50000,3.0,1.641,0.47,0.1703470031545741,54.0,0.8421052631578947,False,0.2296296296296296,0.1296296296296296,0.0,0.2222222222222222,0.0185185185185185,0.1111111111111111,0.037037037037037,0.0185185185185185,0.0,0.4629629629629629,1.0,93.64,11.33,0.408,3.82,0.059,318.0
awC12PFFUuM,True,True,444.0,43,461,109,4200,4.0,1.355,0.359,0.056083650190114,59.0,0.88,True,0.5559322033898306,0.1016949152542373,0.0677966101694915,0.135593220338983,0.0,0.0,0.0847457627118644,0.0847457627118644,0.0169491525423728,0.5084745762711864,0.333,37.77,8.08,0.085,3.85,0.168,1054.0
cVSSdly_m7A,True,True,214.0,38,33,7,34900,3.0,1.511,0.385,0.0766550522648083,44.0,0.7941176470588235,True,0.3454545454545454,0.1136363636363636,0.0454545454545454,0.2045454545454545,0.0,0.1590909090909091,0.0227272727272727,0.0,0.0,0.4545454545454545,2.0,0.0,47.0,0.984,6.26,0.124,572.0
cWbZbyLmY5Q,True,True,3822.0,59,15,0,14700,3.0,1.669,0.211,0.0080393568514518,67.0,0.8727272727272727,True,0.8,0.1492537313432835,0.0597014925373134,0.0,0.0,0.0,0.5074626865671642,0.044776119402985,0.0,0.2388059701492537,1.804,363.55,9.83,0.037,8.23,0.082,8328.0
d46WEOlnuVg,True,True,61.0,25,14,0,144000,3.0,1.593,0.571,0.0726256983240223,13.0,0.7777777777777778,True,0.3076923076923077,0.0769230769230769,0.0769230769230769,0.1538461538461538,0.0,0.5384615384615384,0.0,0.0,0.0,0.1538461538461538,0.0,7.19,4.79,0.106,2.9,0.169,178.0
f-Uf0XUMqO0,True,True,49.0,25,3,0,45300,3.0,1.617,0.633,0.056,7.0,0.8333333333333334,True,0.2285714285714286,0.0,0.0,0.1428571428571428,0.0,0.0,0.0,0.0,0.0,0.8571428571428571,0.0,13.64,4.6,0.1,2.96,0.153,125.0
fKyzKlYGZhA,True,True,188.0,70,1,0,45400,3.0,1.611,0.535,0.2291169451073985,96.0,0.8961038961038961,False,0.1500000000000001,0.0625,0.0520833333333333,0.3645833333333333,0.1770833333333333,0.0104166666666666,0.03125,0.0416666666666666,0.0208333333333333,0.2395833333333333,1.0,0.0,14.0,0.95,6.8,0.109,421.0
fMuGNy2oCzI,True,True,238.0,22,3,2,16600,3.0,1.438,0.47,0.0279605263157894,17.0,0.75,True,0.4941176470588235,0.3529411764705882,0.0,0.0588235294117647,0.0,0.1764705882352941,0.0588235294117647,0.0,0.0,0.3529411764705882,0.04,8.55,4.58,0.036,2.87,0.128,598.0
fPyS5ma_7rM,True,True,1071.0,169,171,46,10700,3.0,1.611,0.243,0.0322733744660655,68.0,0.7631578947368421,True,0.7705882352941178,0.088235294117647,0.0294117647058823,0.5441176470588235,0.0441176470588235,0.0,0.0735294117647058,0.0294117647058823,0.0147058823529411,0.1764705882352941,3.25,247.68,15.75,0.226,5.61,0.107,2102.0
gOLAVmFflgg,True,True,66.0,26,15,0,50000,3.0,1.631,0.62,0.1375661375661375,26.0,0.8947368421052632,False,0.2153846153846155,0.0,0.0,0.1923076923076923,0.0,0.3076923076923077,0.0384615384615384,0.0769230769230769,0.0,0.3846153846153846,1.5,17.68,11.5,0.647,5.42,0.123,189.0
gt-AVLJGYnA,True,True,262.0,162,19,0,100000,2.0,1.445,0.42,0.1353996737357259,83.0,0.8450704225352113,True,0.308433734939759,0.144578313253012,0.0602409638554216,0.1325301204819277,0.0240963855421686,0.1325301204819277,0.036144578313253,0.072289156626506,0.0120481927710843,0.3855421686746988,0.25,74.91,6.58,0.193,3.83,0.175,605.0
h6l3CB3boLA,True,True,893.0,89,5,0,45300,3.0,1.542,0.273,0.0024291497975708,6.0,0.6666666666666666,True,0.8,0.0,0.0,0.0,0.0,0.0,0.0,0.0,0.0,1.0,0.355,5.97,5.84,0.011,2.84,0.082,2470.0
iEOa6VM8zHg,True,True,146.0,62,2556,15,251000,3.0,1.541,0.398,0.2326530612244897,57.0,0.8571428571428571,True,0.1894736842105264,0.0,0.0,0.1929824561403508,0.0,0.5087719298245614,0.0175438596491228,0.0175438596491228,0.0,0.2631578947368421,8.5,25.46,10.5,0.538,4.02,0.036,246.0
iPyVe4jx7rI,True,True,178.0,54,66,0,22200,3.0,1.638,0.461,0.0918803418803418,43.0,0.9761904761904762,False,0.241860465116279,0.0232558139534883,0.0,0.1395348837209302,0.0,0.0232558139534883,0.1395348837209302,0.0697674418604651,0.0,0.6046511627906976,2.0,226.27,16.5,0.507,4.98,0.118,467.0
iWSewFlU6o8,True,True,201.0,71,1738,112,697000,3.0,1.705,0.473,0.1702586206896551,79.0,0.7755102040816326,False,0.1873417721518988,0.0759493670886076,0.0126582278481012,0.240506329113924,0.0126582278481012,0.050632911392405,0.0,0.0379746835443038,0.0,0.569620253164557,3.5,156.27,15.0,0.743,5.61,0.077,463.0
iZjpNbYrU4w,True,True,5531.0,95,9,0,674,3.0,1.567,0.159,0.0062092988035741,82.0,0.8923076923076924,True,0.8,0.048780487804878,0.0853658536585365,0.1829268292682926,0.0,0.0,0.073170731707317,0.0853658536585365,0.0,0.524390243902439,0.35,91.36,8.18,0.008,4.72,0.116,13191.0
j163VvTQ3q8,True,True,1713.0,91,50,3,121000,3.0,1.307,0.225,0.0151588065447545,63.0,0.8727272727272727,True,0.8,0.0634920634920634,0.1269841269841269,0.1746031746031746,0.0634920634920634,0.0158730158730158,0.1111111111111111,0.0634920634920634,0.0,0.3809523809523809,0.185,39.26,6.55,0.014,3.38,0.172,4098.0
jIwUwGE9aX8,True,True,2630.0,101,9,2,46000,4.0,1.444,0.154,0.0059642147117296,42.0,0.8529411764705882,True,0.8,0.0476190476190476,0.0238095238095238,0.0952380952380952,0.0714285714285714,0.0,0.0238095238095238,0.0,0.0,0.7380952380952381,0.562,78.42,9.8,0.018,4.0,0.15,7001.0
jPSl50VPOHI,True,True,215.0,141,21,2,32100,3.0,1.583,0.479,0.1016635859519408,55.0,0.9814814814814816,True,0.3490909090909091,0.0909090909090909,0.0181818181818181,0.2909090909090909,0.0,0.0,0.0363636363636363,0.0545454545454545,0.0,0.509090909090909,2.0,338.0,15.0,0.5,5.17,0.138,540.0
jRivbMime1s,True,True,213.0,74,78,0,55000,3.0,1.4,0.433,0.0354131534569983,21.0,0.95,True,0.6095238095238096,0.0476190476190476,0.0476190476190476,0.0,0.0,0.0,0.0476190476190476,0.0,0.0952380952380952,0.7619047619047619,0.098,11.11,5.29,0.064,2.97,0.155,592.0
jsLa9itfNFU,True,True,172.0,59,1,0,145000,3.0,1.518,0.43,0.0080645161290322,4.0,0.6666666666666666,True,0.5,0.0,0.0,0.25,0.0,0.0,0.0,0.0,0.0,0.75,0.222,18.68,7.5,0.113,3.88,0.118,498.0
kGlGGqoF5-o,True,True,254.0,52,4,0,13500,3.0,1.621,0.452,0.0141043723554301,10.0,0.875,True,0.52,0.0,0.2,0.2,0.4,0.0,0.0,0.0,0.0,0.2,0.109,7.41,6.11,0.04,2.98,0.14,707.0
kOFVP0dPl-Q,True,True,548.0,34,19,0,5490,4.0,1.375,0.29,0.0376712328767123,55.0,0.825,True,0.6472727272727272,0.0181818181818181,0.0,0.109090909090909,0.0,0.0,0.0363636363636363,0.0545454545454545,0.0,0.7818181818181819,0.286,37.8,7.33,0.043,3.41,0.192,1463.0
kh2Nb0huvQs,True,True,211.0,104,52,0,1220000,3.0,1.319,0.429,0.1548269581056466,85.0,0.943661971830986,True,0.2776470588235293,0.0823529411764705,0.0470588235294117,0.1294117647058823,0.0,0.1529411764705882,0.0117647058823529,0.1529411764705882,0.0,0.4235294117647059,0.2,87.85,8.7,0.163,4.57,0.159,541.0
krjuiYAzBkk,True,True,320.0,43,187,25,477000,4.0,1.443,0.401,0.0707434052757793,59.0,0.8823529411764706,True,0.4610169491525424,0.0677966101694915,0.1186440677966101,0.1694915254237288,0.0,0.0338983050847457,0.1016949152542373,0.0338983050847457,0.0,0.4745762711864407,0.176,50.66,8.0,0.147,3.36,0.151,834.0
lGktTbcUu3E,True,True,116.0,36,24,0,697000,3.0,1.456,0.523,0.256140350877193,73.0,0.9047619047619048,False,0.1479452054794521,0.0,0.0958904109589041,0.273972602739726,0.0136986301369863,0.0410958904109589,0.0136986301369863,0.0958904109589041,0.0684931506849315,0.3972602739726027,0.5,200.82,8.0,0.472,4.89,0.115,287.0
lZl8tISca5E,True,True,61.0,31,15,3,50000,2.0,1.231,0.61,0.173469387755102,34.0,0.8148148148148148,True,0.2352941176470588,0.0588235294117647,0.0,0.1764705882352941,0.0,0.0294117647058823,0.1470588235294117,0.0294117647058823,0.0,0.5588235294117647,2.0,132.23,11.0,0.455,3.5,0.168,195.0
lvSks9_fu0A,True,True,1876.0,56,0,0,17400,3.0,1.408,0.179,0.0089454670565972,52.0,0.85,True,0.8,0.0769230769230769,0.0192307692307692,0.1538461538461538,0.0192307692307692,0.0,0.1538461538461538,0.0576923076923076,0.0,0.5192307692307693,0.156,44.67,7.84,0.014,3.55,0.15,5782.0
mPwX8P6EL4s,True,True,138.0,138,1,0,674,3.0,1.771,0.577,0.1480263157894736,45.0,0.8888888888888888,True,0.2933333333333334,0.0888888888888888,0.0444444444444444,0.2666666666666666,0.0,0.0888888888888888,0.0444444444444444,0.0,0.0,0.4666666666666667,1.0,210.72,9.5,0.7,6.53,0.058,302.0
o1XNQs21gGA,True,True,128.0,64,4,0,45400,3.0,1.541,0.545,0.1877022653721682,58.0,0.8367346938775511,False,0.0344827586206897,0.0344827586206896,0.0862068965517241,0.4482758620689655,0.0,0.0172413793103448,0.0517241379310344,0.0862068965517241,0.0,0.2758620689655172,0.5,112.43,14.5,0.727,4.33,0.127,309.0
oBzWEtWY--0,True,True,3761.0,86,10,0,1100,3.0,1.623,0.2,0.0068552910382649,55.0,0.8666666666666667,True,0.8,0.0181818181818181,0.0,0.2363636363636363,0.0,0.0,0.0727272727272727,0.0181818181818181,0.0,0.6545454545454545,1.342,175.2,9.9,0.019,5.55,0.084,8019.0
oWT8_BOEtRk,True,True,108.0,103,0,0,7800,3.0,1.248,0.512,0.2341269841269841,59.0,0.8823529411764706,False,0.1288135593220338,0.0,0.2203389830508474,0.0677966101694915,0.0169491525423728,0.0,0.1186440677966101,0.0338983050847457,0.0508474576271186,0.4915254237288136,0.062,19.27,4.31,0.073,3.2,0.232,249.0
obss0_8xIBs,True,True,117.0,63,8,0,45400,3.0,1.389,0.515,0.1775147928994082,60.0,0.86,False,0.1200000000000001,0.0166666666666666,0.0166666666666666,0.2,0.0833333333333333,0.0166666666666666,0.1166666666666666,0.0,0.1333333333333333,0.4166666666666667,2.5,149.2,13.5,0.769,5.0,0.161,334.0
oc6vCBmvrzk,True,True,213.0,77,133,0,55000,3.0,1.369,0.45,0.0059642147117296,3.0,1.0,True,0.6666666666666667,0.0,0.0,0.0,0.0,0.0,0.3333333333333333,0.0,0.0,0.6666666666666666,0.067,11.37,5.6,0.055,2.99,0.147,497.0
ojpeeno-ppg,True,True,165.0,97,4,0,11700,3.0,1.632,0.442,0.0101010101010101,4.0,1.0,True,0.7,0.25,0.0,0.5,0.0,0.0,0.25,0.0,0.0,0.0,0.071,11.08,8.0,0.112,3.77,0.096,396.0
pn7x1GLjyoE,True,True,229.0,16,8,0,98900,3.0,1.618,0.458,0.1283333333333333,77.0,0.8769230769230769,False,0.2961038961038962,0.1818181818181818,0.0,0.4025974025974026,0.0129870129870129,0.0,0.0259740259740259,0.0259740259740259,0.0129870129870129,0.3376623376623376,5.0,0.0,21.0,0.97,5.24,0.109,600.0
qkWLnyHua1g,True,True,592.0,31,0,0,50000,3.0,1.463,0.278,0.046068796068796,75.0,0.7272727272727273,True,0.6720000000000002,0.16,0.12,0.0933333333333333,0.0266666666666666,0.1866666666666666,0.0133333333333333,0.0,0.0266666666666666,0.3733333333333333,0.647,173.4,10.18,0.102,4.69,0.126,1626.0
rP05zGjuZu8,True,True,728.0,28,23,0,13500,3.0,1.539,0.271,0.0414201183431952,70.0,0.7111111111111111,True,0.6971428571428573,0.0,0.0142857142857142,0.4142857142857143,0.0428571428571428,0.0428571428571428,0.0857142857142857,0.0,0.0,0.4,5.6,457.03,14.2,0.505,6.82,0.123,1690.0
rVyQbCtRKeA,True,True,1679.0,17,77,7,569000,3.0,1.521,0.216,0.0173396674584323,73.0,0.8928571428571429,True,0.8,0.0821917808219178,0.0410958904109589,0.2054794520547945,0.0,0.136986301369863,0.1095890410958904,0.0273972602739726,0.0,0.3972602739726027,0.921,109.91,9.63,0.045,5.3,0.132,4202.0
rrajxcaj5bw,True,True,3614.0,80,2,0,674,3.0,1.624,0.215,0.0159645827743493,119.0,0.8452380952380952,True,0.8,0.1512605042016806,0.1764705882352941,0.2689075630252101,0.0168067226890756,0.0168067226890756,0.0084033613445378,0.0168067226890756,0.0,0.3445378151260504,0.661,91.28,7.62,0.013,5.21,0.084,7444.0
s4ZVdc9sz2A,True,True,136.0,85,13,0,18300,2.0,1.338,0.461,0.0588235294117647,21.0,1.0,False,0.2666666666666666,0.0,0.1428571428571428,0.0,0.0,0.0476190476190476,0.1428571428571428,0.0,0.0952380952380952,0.5714285714285714,0.04,11.91,5.48,0.064,3.12,0.161,356.0
sYDMzXFdU0g,True,True,108.0,40,27,0,1220000,3.0,1.617,0.588,0.1745454545454545,48.0,0.9285714285714286,True,0.3083333333333333,0.0208333333333333,0.0833333333333333,0.0625,0.0,0.1041666666666666,0.0833333333333333,0.0208333333333333,0.0416666666666666,0.5833333333333334,4.0,0.0,17.0,0.933,3.81,0.068,275.0
szMgN68kijg,True,True,392.0,35,4,0,13800,3.0,1.545,0.384,0.0646186440677966,61.0,0.8958333333333334,True,0.4983606557377049,0.0163934426229508,0.081967213114754,0.2131147540983606,0.2622950819672131,0.0327868852459016,0.081967213114754,0.0163934426229508,0.0163934426229508,0.2786885245901639,8.0,0.0,21.0,0.98,8.98,0.122,943.0
tUZaEuBnycc,True,True,92.0,76,2000,119,697000,3.0,1.6,1.0,0.1,1.0,1.0,True,0.8,0.0,0.0,1.0,0.0,0.0,0.0,0.0,0.0,0.0,1.0,0.0,5.0,0.0,1.8,0.0,10.0
upTj79dRmZk,True,True,26.0,8,1582,38,477000,3.0,1.659,0.691,0.0,0.0,0.0,False,0.0,0.0,0.0,0.0,0.0,0.0,0.0,0.0,0.0,0.0,0.111,6.93,5.89,0.256,2.77,0.091,127.0
vXxVFIgNTCE,True,True,39.0,70,136,0,55000,3.0,1.27,0.508,0.032520325203252,4.0,0.0,False,0.1999999999999999,0.0,0.0,0.5,0.0,0.0,0.0,0.0,0.0,0.5,0.0,9.13,5.33,0.143,2.84,0.191,124.0
vk3B1EmqhCM,True,True,262.0,84,43,0,1220000,3.0,1.306,0.326,0.0507614213197969,40.0,0.8387096774193549,True,0.49,0.175,0.15,0.225,0.0,0.075,0.0,0.05,0.0,0.325,0.116,14.56,5.65,0.046,3.15,0.181,785.0
vlkASwAkHaE,True,True,127.0,172,7,0,251000,3.0,1.434,0.506,0.1407185628742515,47.0,0.8055555555555556,False,0.1872340425531915,0.0,0.0212765957446808,0.2340425531914893,0.0638297872340425,0.0212765957446808,0.1276595744680851,0.0425531914893617,0.0,0.4893617021276595,1.0,94.18,10.67,0.667,5.95,0.131,335.0
w4iz4OTCySM,True,True,178.0,46,30,15,10700,3.0,1.354,0.456,0.0451127819548872,18.0,0.9411764705882352,True,0.3333333333333335,0.0555555555555555,0.0,0.0,0.0555555555555555,0.0,0.0555555555555555,0.0,0.0,0.8333333333333334,0.05,12.65,6.15,0.126,3.21,0.176,398.0
wApvCj3HDAU,True,True,374.0,31,1523,0,144000,3.0,1.6,1.0,0.1,1.0,1.0,True,0.8,0.0,0.0,1.0,0.0,0.0,0.0,0.0,0.0,0.0,1.0,0.0,5.0,0.0,1.8,0.0,10.0
wiziIhGjUHA,True,True,216.0,152,634,0,22200,3.0,1.41,0.383,0.0178890876565295,10.0,0.7142857142857143,True,0.6000000000000001,0.0,0.1,0.1,0.0,0.5,0.0,0.2,0.0,0.1,0.19,18.26,8.05,0.113,3.12,0.168,559.0
xUV0eKlDJcY,True,True,97.0,39,15,0,100000,3.0,1.672,0.552,0.1769230769230769,46.0,0.8064516129032258,True,0.2608695652173913,0.1956521739130435,0.0,0.1521739130434782,0.1521739130434782,0.108695652173913,0.0217391304347826,0.0434782608695652,0.0,0.3260869565217391,0.333,24.77,10.5,0.258,2.95,0.087,260.0
zgb8yOYYc68,True,True,217.0,343,16,1,16500,4.0,1.454,0.479,0.0246305418719211,15.0,0.9230769230769232,True,0.4533333333333333,0.2,0.0666666666666666,0.1333333333333333,0.0,0.1333333333333333,0.0666666666666666,0.0,0.0,0.4,0.226,10.73,6.65,0.067,3.44,0.151,607.0
zqNTr084XTk,True,True,1468.0,81,6,0,15400,3.0,1.419,0.161,0.0125886930647745,55.0,0.7142857142857143,True,0.8,0.1818181818181818,0.2363636363636363,0.0545454545454545,0.0,0.2727272727272727,0.0181818181818181,0.0,0.0,0.2363636363636363,0.583,71.54,8.43,0.022,4.24,0.148,4349.0
