video_id,entity_total,count_detailed_description,count_nonbiological_location,count_clinical_event,count_therapeutic_procedure,count_biological_structure,count_sign_symptom,count_diagnostic_procedure,count_lab_value,count_activity,count_frequency,count_medication,count_disease_disorder,count_other_event,count_dosage,count_history,count_coreference,count_date,count_time,count_duration,count_subject,count_qualitative_concept,count_age,count_occupation,count_severity,count_quantitative_concept,count_color,count_family_history,count_other_entity,count_outcome,count_personal_background,count_sex,count_administration
fKyzKlYGZhA,96,10.0,3.0,3.0,13.0,1.0,5.0,22.0,4.0,2.0,2.0,17.0,6.0,5.0,1.0,1.0,1.0,0.0,0.0,0.0,0.0,0.0,0.0,0.0,0.0,0.0,0.0,0.0,0.0,0.0,0.0,0.0,0.0
McEpJ7Dm1Rw,0,0.0,0.0,0.0,0.0,0.0,0.0,0.0,0.0,0.0,0.0,0.0,0.0,0.0,0.0,0.0,0.0,0.0,0.0,0.0,0.0,0.0,0.0,0.0,0.0,0.0,0.0,0.0,0.0,0.0,0.0,0.0,0.0
cWbZbyLmY5Q,67,7.0,34.0,3.0,0.0,0.0,4.0,0.0,3.0,0.0,0.0,0.0,10.0,0.0,0.0,0.0,4.0,2.0,0.0,0.0,0.0,0.0,0.0,0.0,0.0,0.0,0.0,0.0,0.0,0.0,0.0,0.0,0.0
24v2zQHZUAE,75,3.0,0.0,0.0,9.0,0.0,6.0,45.0,5.0,0.0,0.0,2.0,0.0,0.0,0.0,0.0,1.0,1.0,1.0,2.0,0.0,0.0,0.0,0.0,0.0,0.0,0.0,0.0,0.0,0.0,0.0,0.0,0.0
wKAl0kmasxg,15,1.0,0.0,0.0,0.0,1.0,4.0,0.0,2.0,3.0,0.0,0.0,3.0,0.0,0.0,0.0,0.0,0.0,0.0,1.0,0.0,0.0,0.0,0.0,0.0,0.0,0.0,0.0,0.0,0.0,0.0,0.0,0.0
vXxVFIgNTCE,4,2.0,0.0,0.0,2.0,0.0,0.0,0.0,0.0,0.0,0.0,0.0,0.0,0.0,0.0,0.0,0.0,0.0,0.0,0.0,0.0,0.0,0.0,0.0,0.0,0.0,0.0,0.0,0.0,0.0,0.0,0.0,0.0
jRivbMime1s,21,3.0,1.0,0.0,0.0,0.0,1.0,0.0,0.0,2.0,1.0,0.0,1.0,0.0,0.0,7.0,0.0,0.0,0.0,4.0,1.0,0.0,0.0,0.0,0.0,0.0,0.0,0.0,0.0,0.0,0.0,0.0,0.0
QapEAECWcJY,83,20.0,1.0,1.0,9.0,2.0,16.0,3.0,4.0,3.0,0.0,0.0,1.0,0.0,0.0,1.0,6.0,4.0,3.0,4.0,1.0,2.0,1.0,1.0,0.0,0.0,0.0,0.0,0.0,0.0,0.0,0.0,0.0
U8ZVlKI_yoA,103,7.0,1.0,2.0,2.0,6.0,8.0,14.0,4.0,0.0,22.0,22.0,3.0,0.0,1.0,0.0,6.0,0.0,1.0,2.0,0.0,0.0,0.0,0.0,1.0,1.0,0.0,0.0,0.0,0.0,0.0,0.0,0.0
o1XNQs21gGA,58,1.0,3.0,11.0,11.0,1.0,5.0,15.0,5.0,0.0,2.0,0.0,2.0,0.0,0.0,0.0,0.0,0.0,0.0,0.0,2.0,0.0,0.0,0.0,0.0,0.0,0.0,0.0,0.0,0.0,0.0,0.0,0.0
y52itv5tpDI,19,1.0,0.0,0.0,1.0,1.0,2.0,4.0,0.0,0.0,0.0,0.0,1.0,0.0,0.0,0.0,0.0,7.0,0.0,2.0,0.0,0.0,0.0,0.0,0.0,0.0,0.0,0.0,0.0,0.0,0.0,0.0,0.0
obss0_8xIBs,60,7.0,7.0,3.0,11.0,1.0,1.0,1.0,0.0,8.0,0.0,5.0,1.0,3.0,0.0,0.0,1.0,2.0,0.0,8.0,1.0,0.0,0.0,0.0,0.0,0.0,0.0,0.0,0.0,0.0,0.0,0.0,0.0
zgb8yOYYc68,15,0.0,1.0,0.0,2.0,2.0,1.0,0.0,0.0,0.0,1.0,0.0,3.0,0.0,0.0,0.0,0.0,0.0,1.0,1.0,2.0,0.0,1.0,0.0,0.0,0.0,0.0,0.0,0.0,0.0,0.0,0.0,0.0
_48-eWGtSZ8,48,9.0,4.0,2.0,12.0,15.0,0.0,3.0,0.0,0.0,0.0,0.0,1.0,0.0,0.0,0.0,1.0,1.0,0.0,0.0,0.0,0.0,0.0,0.0,0.0,0.0,0.0,0.0,0.0,0.0,0.0,0.0,0.0
HGeInTptfyU,14,3.0,0.0,1.0,0.0,5.0,0.0,0.0,1.0,0.0,0.0,0.0,0.0,0.0,0.0,0.0,0.0,0.0,0.0,3.0,0.0,0.0,0.0,0.0,0.0,0.0,1.0,0.0,0.0,0.0,0.0,0.0,0.0
V73yAMoDBv4,1,0.0,0.0,0.0,0.0,0.0,0.0,1.0,0.0,0.0,0.0,0.0,0.0,0.0,0.0,0.0,0.0,0.0,0.0,0.0,0.0,0.0,0.0,0.0,0.0,0.0,0.0,0.0,0.0,0.0,0.0,0.0,0.0
u8FgQdrUX8w,78,15.0,16.0,4.0,22.0,4.0,1.0,1.0,0.0,1.0,1.0,2.0,1.0,1.0,0.0,0.0,3.0,0.0,3.0,0.0,3.0,0.0,0.0,0.0,0.0,0.0,0.0,0.0,0.0,0.0,0.0,0.0,0.0
yv_6ana0Pws,56,15.0,3.0,3.0,3.0,1.0,6.0,2.0,5.0,0.0,0.0,3.0,4.0,0.0,0.0,2.0,1.0,3.0,0.0,2.0,1.0,0.0,1.0,0.0,0.0,0.0,0.0,1.0,0.0,0.0,0.0,0.0,0.0
RLz_PVzRb8o,75,11.0,18.0,3.0,13.0,10.0,0.0,1.0,1.0,0.0,1.0,0.0,1.0,0.0,0.0,0.0,3.0,2.0,1.0,3.0,7.0,0.0,0.0,0.0,0.0,0.0,0.0,0.0,0.0,0.0,0.0,0.0,0.0
lGktTbcUu3E,73,11.0,1.0,4.0,14.0,3.0,7.0,6.0,7.0,5.0,1.0,1.0,0.0,1.0,0.0,0.0,0.0,3.0,0.0,6.0,2.0,0.0,0.0,0.0,0.0,0.0,0.0,0.0,1.0,0.0,0.0,0.0,0.0
wle7zKNkg40,14,1.0,0.0,0.0,0.0,2.0,2.0,1.0,0.0,0.0,0.0,0.0,6.0,0.0,0.0,0.0,0.0,1.0,0.0,0.0,1.0,0.0,0.0,0.0,0.0,0.0,0.0,0.0,0.0,0.0,0.0,0.0,0.0
ZXqnSAxv99M,12,0.0,0.0,0.0,1.0,0.0,2.0,0.0,1.0,1.0,0.0,0.0,0.0,1.0,0.0,1.0,1.0,1.0,0.0,0.0,0.0,0.0,0.0,1.0,0.0,0.0,0.0,2.0,0.0,0.0,0.0,0.0,0.0
_PxV6FPN9XU,31,7.0,1.0,1.0,1.0,1.0,0.0,3.0,5.0,0.0,0.0,0.0,0.0,0.0,0.0,0.0,4.0,3.0,1.0,3.0,0.0,0.0,0.0,0.0,0.0,0.0,0.0,1.0,0.0,0.0,0.0,0.0,0.0
D0RxVf_AkMM,20,0.0,0.0,0.0,0.0,0.0,0.0,1.0,0.0,0.0,0.0,0.0,3.0,0.0,0.0,0.0,6.0,0.0,0.0,0.0,2.0,0.0,1.0,0.0,0.0,0.0,0.0,7.0,0.0,0.0,0.0,0.0,0.0
ofLDgqgnzlg,68,7.0,4.0,8.0,10.0,0.0,9.0,18.0,9.0,0.0,2.0,0.0,0.0,0.0,0.0,0.0,0.0,0.0,0.0,0.0,1.0,0.0,0.0,0.0,0.0,0.0,0.0,0.0,0.0,0.0,0.0,0.0,0.0
ArD4wIAZtxI,59,10.0,4.0,4.0,9.0,1.0,7.0,1.0,2.0,5.0,1.0,1.0,2.0,0.0,0.0,0.0,3.0,2.0,1.0,2.0,1.0,0.0,2.0,0.0,0.0,0.0,0.0,0.0,0.0,1.0,0.0,0.0,0.0
9ItbKVrDOtQ,67,10.0,3.0,1.0,5.0,15.0,6.0,10.0,1.0,0.0,0.0,0.0,1.0,0.0,0.0,0.0,12.0,0.0,0.0,2.0,0.0,0.0,0.0,0.0,1.0,0.0,0.0,0.0,0.0,0.0,0.0,0.0,0.0
vqeDdme8V08,17,5.0,0.0,0.0,0.0,0.0,1.0,3.0,2.0,0.0,0.0,0.0,3.0,0.0,0.0,0.0,0.0,0.0,0.0,0.0,0.0,0.0,0.0,0.0,0.0,1.0,0.0,0.0,0.0,0.0,1.0,1.0,0.0
DjTC8drkMEE,76,12.0,13.0,4.0,5.0,2.0,0.0,1.0,2.0,0.0,0.0,22.0,1.0,0.0,2.0,0.0,0.0,2.0,2.0,3.0,2.0,0.0,0.0,0.0,0.0,2.0,0.0,0.0,1.0,0.0,0.0,0.0,0.0
1G5Kkl_xjFY,50,18.0,1.0,0.0,5.0,0.0,3.0,0.0,0.0,0.0,0.0,16.0,0.0,0.0,0.0,0.0,5.0,0.0,0.0,0.0,0.0,0.0,0.0,0.0,0.0,0.0,0.0,0.0,1.0,0.0,0.0,0.0,1.0
uag1jIEuKTw,49,2.0,8.0,5.0,2.0,4.0,1.0,0.0,1.0,0.0,6.0,11.0,0.0,0.0,0.0,0.0,0.0,0.0,5.0,1.0,3.0,0.0,0.0,0.0,0.0,0.0,0.0,0.0,0.0,0.0,0.0,0.0,0.0
cVSSdly_m7A,44,9.0,1.0,1.0,7.0,7.0,2.0,2.0,0.0,0.0,0.0,0.0,5.0,0.0,0.0,0.0,3.0,1.0,1.0,1.0,3.0,0.0,0.0,0.0,1.0,0.0,0.0,0.0,0.0,0.0,0.0,0.0,0.0
E9Dnyym6a94,41,12.0,0.0,0.0,6.0,2.0,3.0,1.0,3.0,0.0,0.0,0.0,3.0,0.0,0.0,0.0,9.0,1.0,0.0,1.0,0.0,0.0,0.0,0.0,0.0,0.0,0.0,0.0,0.0,0.0,0.0,0.0,0.0
kv3PN9sti9Y,50,2.0,3.0,3.0,10.0,4.0,0.0,18.0,1.0,0.0,0.0,0.0,1.0,0.0,0.0,0.0,0.0,0.0,0.0,0.0,8.0,0.0,0.0,0.0,0.0,0.0,0.0,0.0,0.0,0.0,0.0,0.0,0.0
a7gJ73YIz40,14,0.0,0.0,0.0,3.0,5.0,0.0,1.0,2.0,0.0,0.0,0.0,0.0,0.0,0.0,0.0,1.0,0.0,0.0,1.0,1.0,0.0,0.0,0.0,0.0,0.0,0.0,0.0,0.0,0.0,0.0,0.0,0.0
3Fker8Nmd5Y,13,2.0,1.0,0.0,0.0,1.0,2.0,1.0,0.0,0.0,0.0,0.0,0.0,0.0,0.0,0.0,2.0,1.0,0.0,2.0,1.0,0.0,0.0,0.0,0.0,0.0,0.0,0.0,0.0,0.0,0.0,0.0,0.0
u_I8W9FMA6w,9,0.0,0.0,0.0,1.0,4.0,1.0,0.0,0.0,0.0,0.0,0.0,2.0,0.0,0.0,0.0,0.0,0.0,0.0,0.0,0.0,0.0,0.0,0.0,1.0,0.0,0.0,0.0,0.0,0.0,0.0,0.0,0.0
FH7aHDHnkjU,24,7.0,0.0,0.0,2.0,0.0,3.0,0.0,0.0,1.0,0.0,0.0,6.0,1.0,0.0,2.0,0.0,0.0,0.0,0.0,0.0,0.0,0.0,2.0,0.0,0.0,0.0,0.0,0.0,0.0,0.0,0.0,0.0
OkHESl_I2O8,71,9.0,13.0,1.0,14.0,0.0,7.0,3.0,6.0,3.0,0.0,2.0,0.0,0.0,0.0,0.0,0.0,3.0,3.0,2.0,4.0,0.0,0.0,0.0,0.0,0.0,0.0,0.0,0.0,1.0,0.0,0.0,0.0
SdH-IhgHD8U,56,2.0,4.0,7.0,14.0,4.0,0.0,9.0,3.0,0.0,2.0,0.0,2.0,0.0,0.0,0.0,3.0,0.0,3.0,2.0,1.0,0.0,0.0,0.0,0.0,0.0,0.0,0.0,0.0,0.0,0.0,0.0,0.0
soniQyHK5Uc,46,7.0,5.0,0.0,3.0,3.0,3.0,6.0,6.0,4.0,0.0,0.0,2.0,0.0,0.0,0.0,1.0,0.0,2.0,1.0,0.0,0.0,0.0,0.0,0.0,0.0,0.0,0.0,0.0,2.0,1.0,0.0,0.0
zk2oTMxXMNU,13,1.0,1.0,0.0,1.0,3.0,1.0,0.0,0.0,0.0,0.0,0.0,2.0,0.0,0.0,0.0,0.0,0.0,0.0,4.0,0.0,0.0,0.0,0.0,0.0,0.0,0.0,0.0,0.0,0.0,0.0,0.0,0.0
C-oGFBRT2hg,1,0.0,0.0,0.0,0.0,0.0,0.0,1.0,0.0,0.0,0.0,0.0,0.0,0.0,0.0,0.0,0.0,0.0,0.0,0.0,0.0,0.0,0.0,0.0,0.0,0.0,0.0,0.0,0.0,0.0,0.0,0.0,0.0
bvCRH0A6kxY,61,14.0,0.0,0.0,7.0,6.0,0.0,2.0,12.0,0.0,0.0,2.0,1.0,0.0,0.0,0.0,13.0,1.0,0.0,1.0,0.0,0.0,0.0,0.0,0.0,0.0,0.0,0.0,0.0,2.0,0.0,0.0,0.0
PewFZWf-1OA,1,0.0,0.0,0.0,0.0,0.0,0.0,1.0,0.0,0.0,0.0,0.0,0.0,0.0,0.0,0.0,0.0,0.0,0.0,0.0,0.0,0.0,0.0,0.0,0.0,0.0,0.0,0.0,0.0,0.0,0.0,0.0,0.0
AUMTTZ5aVIQ,6,2.0,0.0,0.0,1.0,0.0,0.0,0.0,0.0,0.0,0.0,0.0,0.0,0.0,0.0,0.0,1.0,0.0,0.0,1.0,1.0,0.0,0.0,0.0,0.0,0.0,0.0,0.0,0.0,0.0,0.0,0.0,0.0
4tTwjfZs3u8,5,0.0,0.0,0.0,1.0,0.0,0.0,0.0,0.0,0.0,0.0,0.0,3.0,0.0,0.0,0.0,0.0,0.0,0.0,0.0,1.0,0.0,0.0,0.0,0.0,0.0,0.0,0.0,0.0,0.0,0.0,0.0,0.0
pXdclusBP0E,48,7.0,7.0,1.0,5.0,2.0,1.0,0.0,1.0,0.0,1.0,0.0,4.0,0.0,0.0,0.0,17.0,0.0,0.0,0.0,0.0,0.0,0.0,0.0,0.0,1.0,0.0,1.0,0.0,0.0,0.0,0.0,0.0
JNjH39gHIww,86,10.0,16.0,3.0,12.0,3.0,23.0,1.0,3.0,0.0,1.0,1.0,2.0,0.0,0.0,0.0,5.0,0.0,4.0,0.0,0.0,0.0,0.0,0.0,2.0,0.0,0.0,0.0,0.0,0.0,0.0,0.0,0.0
Ca353BNz0xU,11,0.0,0.0,0.0,0.0,0.0,8.0,0.0,1.0,0.0,0.0,0.0,0.0,0.0,0.0,0.0,0.0,1.0,0.0,1.0,0.0,0.0,0.0,0.0,0.0,0.0,0.0,0.0,0.0,0.0,0.0,0.0,0.0
