video_id,is_understandable,is_predicted,label,is_predicted_human
0H_xTEHRK0g,0,0,1.0,0.0
1KceELBEzgw,0,0,1.0,0.0
1hKkuOSe2vw,1,0,1.0,0.0
2WOM6we0SyM,0,0,0.0,0.0
2uD0VmPdGIE,0,0,0.0,0.0
4CCA9ojRAoU,1,0,1.0,0.0
4L4FrsM6kFM,0,0,0.0,0.0
7rDt5QGWZf0,1,0,0.0,0.0
9_VsEs_T1hA,1,0,1.0,0.0
A-M6wSyw6IY,1,0,0.0,0.0
AUMTTZ5aVIQ,1,0,1.0,0.0
Ca353BNz0xU,1,0,1.0,0.0
HJCRWBLEWAM,1,0,1.0,0.0
IrgOE0B8xIw,1,0,1.0,0.0
JNjH39gHIww,0,0,1.0,0.0
JS0-opsKPPw,0,0,0.0,0.0
K69DQUq-HGo,0,0,1.0,0.0
MhXkknPC_vc,1,0,1.0,0.0
Nlt5PBrowKE,1,0,1.0,0.0
OLKfH44FVk0,1,0,0.0,0.0
OiRnjmQUylQ,1,0,1.0,0.0
PnnuV7NCzow,1,0,0.0,0.0
Q88c7drpQrw,1,0,1.0,0.0
SsXXGYdBdGk,1,0,0.0,0.0
Svuy0sjpP2A,0,0,0.0,0.0
VGZRMHA4ics,0,0,0.0,0.0
WA2U293-GRg,1,0,0.0,0.0
X5HxpB8u0h8,1,0,1.0,0.0
_kwtFLe2VQQ,1,0,1.0,0.0
a4ibn9IVChI,1,0,1.0,0.0
a7gJ73YIz40,1,0,1.0,0.0
bvCRH0A6kxY,1,0,0.0,0.0
idX2wd0HY30,1,0,0.0,0.0
jRivbMime1s,1,0,1.0,0.0
kv3PN9sti9Y,1,0,1.0,0.0
lGktTbcUu3E,1,0,1.0,0.0
lvSks9_fu0A,1,0,0.0,0.0
mPwX8P6EL4s,0,0,0.0,0.0
obss0_8xIBs,1,0,1.0,0.0
oc6vCBmvrzk,1,0,1.0,0.0
pn7x1GLjyoE,1,0,1.0,0.0
rVyQbCtRKeA,0,0,1.0,0.0
szMgN68kijg,1,0,1.0,0.0
voEQjWvxBRM,1,0,0.0,0.0
w-H1eYdPhPI,1,0,0.0,0.0
wiziIhGjUHA,1,0,0.0,0.0
zgb8yOYYc68,0,0,0.0,0.0
zqNTr084XTk,0,0,1.0,0.0
-QtYNPHW0mQ,0,0,0.0,0.0
-RtIaTkUhM0,0,0,1.0,1.0
-mjXDwjvkNI,0,0,1.0,1.0
-npwKFGAcc8,1,0,1.0,1.0
-y6JiLg201w,1,0,1.0,1.0
03jZdOzvjSc,1,0,0.0,0.0
07wh0brpo4Y,1,0,1.0,1.0
0ArMA5zGgI8,0,0,1.0,1.0
0F9qXbzbNxw,1,0,1.0,1.0
0P6_5xqg2Wg,1,0,1.0,1.0
0UvOSHJz7U0,1,0,0.0,0.0
0WnbzT7kMCI,1,0,1.0,1.0
0lZy8RGZKZc,1,0,1.0,1.0
0thYaTW8blU,0,0,1.0,1.0
13X23gF0K_4,1,0,1.0,0.0
14m0iXpHVAU,1,0,1.0,0.0
18bGEw0uyAU,1,0,1.0,1.0
19KrsHv1OQw,1,0,0.0,0.0
1A51_BQpTUU,1,0,0.0,0.0
1DmX43HtkEE,1,0,1.0,1.0
1G5Kkl_xjFY,1,0,1.0,0.0
1Gj6Sc0WjwM,0,0,1.0,1.0
1IauflS1rR0,0,0,1.0,0.0
1IjYsYT6KmQ,1,0,0.0,0.0
1PtxaxcPnGc,0,0,0.0,0.0
1V55BPw5Bp8,1,0,1.0,1.0
1oAlSo_hjl4,0,0,1.0,1.0
24v2zQHZUAE,0,0,1.0,0.0
2n4gXcZ1CMc,0,0,0.0,0.0
2zy9LV6ARSI,1,0,0.0,0.0
30O9u8iC51g,1,0,1.0,0.0
33GSIeWCkIY,1,0,1.0,1.0
3701tC_7yYQ,1,0,0.0,1.0
3BXyPWii8l4,1,0,1.0,1.0
3Fker8Nmd5Y,1,0,1.0,0.0
48e5swYBT_Y,0,0,1.0,1.0
4JOucJhWvJU,1,0,1.0,1.0
4UUyBAeVmQk,1,0,0.0,0.0
4nRfuf13vS4,1,0,1.0,1.0
4tTwjfZs3u8,1,0,1.0,0.0
52eMwhf8UfI,1,0,1.0,1.0
5AR_Ol_jRp4,1,0,1.0,1.0
5KBzsvpvMME,1,0,1.0,1.0
5Oo9Q6Iot4Y,0,0,1.0,1.0
5PfTJoKghrA,0,0,1.0,1.0
5SfrGDLMibg,1,0,1.0,1.0
5tqFHJOQAdA,1,0,1.0,1.0
63KXp9pZzRA,1,0,1.0,1.0
65GPXjCQVr4,0,0,1.0,1.0
6JFWJg3zK_c,1,0,1.0,1.0
6OLPl4Y7wr4,1,0,1.0,1.0
6m0yPWY-2yI,1,0,1.0,1.0
6obZRepfzGY,1,0,1.0,0.0
6zP1g_Y_wSo,1,0,0.0,0.0
7-48ZeOTvc4,1,0,1.0,1.0
70rHlebV5Sk,1,0,1.0,1.0
7557lkCmhB8,1,0,1.0,1.0
785pviCyFq0,0,0,1.0,1.0
7mLsUVfrLsU,1,0,1.0,1.0
7rNl8gAh0Hg,0,0,1.0,1.0
86Iy9c8rSP0,1,0,0.0,0.0
8NZ8bqBIXCg,1,0,1.0,1.0
8d5q835TOok,1,0,1.0,1.0
8o9kupaKef8,1,0,1.0,1.0
8r0zH7wXpAE,1,0,1.0,1.0
8uLx9drXbkA,1,0,0.0,0.0
8ufoR2cQ04g,1,0,1.0,0.0
8zo5F5CBAuw,1,0,1.0,1.0
98f_BaEpDeI,1,0,1.0,1.0
98qvFKR8OmQ,1,0,1.0,0.0
9ARbCXTd8Xk,1,0,1.0,1.0
9ItbKVrDOtQ,1,0,1.0,0.0
9P9l2hlx9z4,1,0,1.0,1.0
9Q4V7rgIaZ8,0,0,1.0,1.0
9U4KgYToIGQ,1,0,1.0,1.0
9WAD1YM5R14,1,0,1.0,0.0
9aT6yQ-bB0Q,1,0,1.0,1.0
9p1Erx1aaTg,1,0,1.0,1.0
9rDdZmjRZkw,1,0,1.0,1.0
9tt-HuJRIIQ,1,0,1.0,0.0
A6NgXuT5r4w,1,0,1.0,1.0
AEraZlRsee8,1,0,1.0,1.0
AInty1Lqt38,1,0,1.0,1.0
ANkwvm5FTM4,1,0,1.0,1.0
ASKTLgW6qZY,0,0,1.0,1.0
AZamWR7goMA,0,0,1.0,1.0
AdoCD7D70C4,1,0,1.0,1.0
AgQRJyImzB0,1,0,1.0,1.0
ArD4wIAZtxI,1,0,1.0,0.0
B0kl43FJ-Z0,1,0,1.0,1.0
B5V1u1hw-So,1,0,1.0,1.0
BWzLIXx50Jo,1,0,1.0,1.0
BgAHWZpX9z8,0,0,1.0,1.0
Bm20QPadcYY,1,0,1.0,1.0
Br2kK9zRJvs,1,0,1.0,1.0
Budd2Zal5yo,1,0,1.0,1.0
BxIWsry7M5E,1,0,1.0,1.0
C4dTWec3gU0,1,0,1.0,1.0
CGCJ-9khUi8,1,0,1.0,1.0
CKuDzOPcX9k,1,0,1.0,1.0
CNNDf8mfm5U,1,0,1.0,1.0
COgIvTpH8gA,1,0,1.0,1.0
COyT0aiMew8,1,0,1.0,1.0
CaPxqmkBDEg,1,0,0.0,0.0
Cbdza83BpoI,0,0,1.0,1.0
CqeNdL_qJEg,0,0,1.0,0.0
CsI4-jt4Azw,0,0,1.0,1.0
Cw5L0dNvzOU,1,0,1.0,1.0
CzFZ_7TeBuA,0,0,0.0,1.0
D0RxVf_AkMM,1,0,1.0,1.0
DAeC0xpGCW0,1,0,1.0,1.0
DXOEeZAVtvw,1,0,1.0,1.0
DZcIPQH3KGw,0,0,1.0,1.0
DdI4nRCs_bo,0,0,1.0,1.0
DgJMRaz3xrM,1,0,1.0,1.0
DjTC8drkMEE,0,0,1.0,0.0
E9Dnyym6a94,0,0,0.0,0.0
EK7Fq2gkFrQ,0,0,1.0,1.0
EQi6UZiM1gs,1,0,1.0,1.0
EkX4pNVMCBE,0,0,1.0,1.0
F-8lzH8N4JI,1,0,1.0,1.0
FOe0sdZY9pw,1,0,1.0,1.0
FX81RhxachU,0,0,1.0,1.0
Fc6ByVtSS_4,1,0,1.0,1.0
Fswo4AeJIhs,1,0,1.0,1.0
G6kllCOE2CU,0,0,1.0,1.0
GHyF9JuWE6Q,0,0,0.0,0.0
GI1xcZpgacQ,0,0,1.0,1.0
GJ_g6aDAx9k,0,0,1.0,0.0
GM6xoBoJl3I,0,0,1.0,1.0
GVMLtd8qlhk,1,0,1.0,1.0
GXyEZXJCoYc,1,0,0.0,0.0
GYW_SJI7ZM8,1,0,1.0,1.0
GeMEopvNJUM,1,0,1.0,0.0
GuC9g07ibOA,1,0,1.0,1.0
H-AQlFdTbpE,1,0,1.0,1.0
HBeaaPlf3RA,1,0,1.0,1.0
HGeInTptfyU,1,0,1.0,0.0
HLF1xHP1LkE,0,0,1.0,1.0
HS7-ZbgyLNE,1,0,1.0,1.0
HTGtbOJwpvE,1,0,1.0,1.0
HXs-cf8MmxE,1,0,1.0,1.0
He5CK7WuP5g,0,0,0.0,1.0
HggDQUjOnDQ,0,0,0.0,0.0
Hjnd67MKhy0,1,0,1.0,0.0
HlzfMdkhhUc,1,0,1.0,1.0
IFLM_lpiS70,1,0,0.0,0.0
INg0mUbL-KM,0,0,1.0,1.0
IZY8JJVtZZI,1,0,1.0,1.0
Icfpi6Qaq-4,1,0,1.0,1.0
IhspMb22a8Y,1,0,1.0,1.0
Iiahn13BpYc,1,0,1.0,1.0
IkBMQ2QTmfc,1,0,1.0,0.0
InILJ1v28_o,0,0,1.0,1.0
IpT4OGpGLJs,1,0,1.0,1.0
IqRI-xmfaEI,0,0,1.0,1.0
JW3JyccEXRI,1,0,1.0,1.0
JXFNPGefVWQ,1,0,1.0,1.0
JY8Dp1pKx1U,1,0,1.0,0.0
Ja3qDHvAXnU,0,0,0.0,0.0
JgNVhHRw3tc,1,0,1.0,1.0
JpK-Dm9Nfvs,1,0,0.0,1.0
K-eWKuRYTqI,1,0,1.0,1.0
KIvYlZ_HaEA,0,0,1.0,0.0
KNfAkgnIcH4,1,0,1.0,1.0
KO5rysVqEiA,0,0,1.0,1.0
KOcQZO-f4GU,1,0,1.0,1.0
KcfMNgIn8hU,0,0,1.0,1.0
Ke-PedBEhpk,1,0,1.0,0.0
L-rg9cjtczE,1,0,1.0,1.0
L12Pkx92_jI,1,0,1.0,1.0
L6SWwPQCHGo,1,0,1.0,1.0
L93yQnr7u3c,1,0,1.0,1.0
LZH5EQAfBVY,0,0,0.0,0.0
Lk-w_0EHJWM,1,0,1.0,1.0
Lp1eghw7_7Q,1,0,1.0,0.0
LpiytTB4ZG4,1,0,1.0,0.0
M35LQVSiSAc,1,0,1.0,1.0
M8vbbBJOMN0,0,0,1.0,1.0
MeSYFx7ends,1,0,1.0,0.0
Meb8L-r4opY,1,0,0.0,1.0
MlqpG3kNSL8,1,0,0.0,1.0
Mntqfw1i-uY,1,0,1.0,1.0
Mx6V-iaAB38,1,0,1.0,1.0
N7kj0sfe6og,1,0,1.0,0.0
NGr8q36Cmj8,1,0,0.0,0.0
NbACs_Zcwg4,1,0,1.0,1.0
NehoHiO3zf0,0,0,1.0,1.0
O298tg7_GQs,0,0,1.0,0.0
OkHESl_I2O8,1,0,1.0,0.0
OvLewvY40hI,1,0,1.0,1.0
OxxUAx0Xd6o,1,0,1.0,1.0
PLDHbo9nQGY,0,0,1.0,0.0
PQPtiFviAE8,0,0,1.0,1.0
PT5cFR296-w,0,0,1.0,1.0
PVIR54vAFAU,0,0,1.0,1.0
PdMJ9HYxkck,1,0,1.0,1.0
Q75-R4EMtZI,1,0,0.0,0.0
QHlhAhx4Ur4,0,0,1.0,1.0
QPj6e1aqiB0,1,0,1.0,0.0
QXOLqAlW1SM,1,0,1.0,1.0
QapEAECWcJY,1,0,1.0,0.0
QcCt6FqxHxU,1,0,1.0,1.0
QcQv5RQJQ9k,0,0,1.0,1.0
QijkFzZbKXQ,1,0,1.0,1.0
QwAk_NS7vsg,0,0,1.0,1.0
R-8uTWg3W_Q,1,0,1.0,1.0
R7LPQeoYK2o,1,0,1.0,1.0
R9_egq0pplg,1,0,1.0,1.0
RLz_PVzRb8o,1,0,1.0,0.0
RN5DPqzFUr8,1,0,1.0,1.0
Ra_OdIPXdqE,1,0,1.0,0.0
RiP3m1Cyb1s,1,0,1.0,1.0
Ry0qIblD2UI,1,0,1.0,1.0
S3CegUhEd7Y,1,0,1.0,0.0
SDkAO6Fom2w,0,0,1.0,1.0
SFmFFe-j0xg,0,0,1.0,1.0
SVO_Ud-glMU,1,0,1.0,1.0
SW4AAakdQaw,1,0,1.0,1.0
ScdYA0wPRtY,1,0,1.0,1.0
SdH-IhgHD8U,1,0,1.0,0.0
ShQNrFfEYYs,1,0,1.0,0.0
SjWoT6sLPuE,1,0,1.0,1.0
Sjb_4xlY5qc,1,0,1.0,1.0
Smx4xkaDc44,0,0,1.0,1.0
Sr4ybaI4y6M,1,0,0.0,0.0
SuHkwjqlGEg,1,0,0.0,0.0
T-qbU2zTxnY,1,0,1.0,1.0
T0laUsimLXY,1,0,1.0,1.0
T6hgivizb-w,0,0,1.0,1.0
TPvySQ_2Zdw,1,0,1.0,1.0
TUBCkIhbEjw,0,0,1.0,1.0
TdyMv9W_ylo,1,0,1.0,1.0
TelxHyKXGgw,1,0,1.0,0.0
TmMx4mR6j1M,1,0,1.0,1.0
TqUuWeuxfqM,1,0,1.0,1.0
Ty30wkqXCVg,1,0,1.0,1.0
TyEzeuQQCJM,1,0,1.0,1.0
U81bIyELvL4,0,0,1.0,1.0
U8ZVlKI_yoA,1,0,1.0,0.0
U8rCoDiRaxY,1,0,1.0,1.0
UG5B9lQRojc,0,0,1.0,1.0
UOe4tcUhbQI,1,0,1.0,0.0
UrqV88cG1J0,0,0,1.0,1.0
V0yazJUTlb4,0,0,0.0,0.0
V3O_FpF4ggo,0,0,1.0,0.0
VF2pOnkAiZI,1,0,1.0,1.0
VIe3FDl2jDI,1,0,1.0,1.0
VOfqGYNxFs4,0,0,1.0,0.0
VSpY0JcwsD8,1,0,1.0,1.0
V_I6Q56vtjE,1,0,0.0,0.0
VdXEUCrhN9g,1,0,1.0,1.0
Vlc0eq9nkc8,1,0,0.0,1.0
VpSQoQK_Wek,1,0,1.0,0.0
VtZ4lJoK3j0,1,0,1.0,1.0
VyAyufp2OAI,1,0,1.0,1.0
WAHODYvSdok,1,0,1.0,1.0
WK9aqBlm6cc,0,0,1.0,1.0
WOtNMjgedcA,1,0,1.0,1.0
WR_MYsYtikg,0,0,1.0,1.0
WSEJPSyRYTY,1,0,1.0,1.0
WUUc_hPPgzc,1,0,1.0,1.0
WZxopWCd9C0,1,0,1.0,0.0
WdNQI2SK0PY,1,0,1.0,1.0
XV-pGEY4rxc,0,0,1.0,0.0
XWO5HKe7rzg,1,0,1.0,1.0
Xa-iEHml8nc,1,0,0.0,0.0
XeeNUMwRT1M,1,0,1.0,1.0
XozS9XFplVw,1,0,1.0,1.0
XpUijCAYIuQ,0,0,1.0,1.0
Xpgx5u-1Ar0,1,0,1.0,1.0
Xr3-oq8VQqk,0,0,1.0,1.0
Y7oLbQk9fQA,1,0,1.0,1.0
YABUfXWhEmU,1,0,0.0,1.0
YJwkoX7KoOA,1,0,0.0,0.0
YTVv5WpB0Jw,1,0,1.0,1.0
Yh90qkuZXAA,1,0,1.0,1.0
Ym98DXY-Nys,1,0,1.0,1.0
YydNvpjjijw,1,0,1.0,1.0
Z6-ir-0Uee8,0,0,1.0,1.0
ZC1bOFYoSfY,1,0,1.0,1.0
ZCpSiSS0Yv4,0,0,1.0,0.0
ZHX-j2ldBak,1,0,1.0,1.0
ZXqnSAxv99M,1,0,1.0,0.0
Z_Jubdde7_s,0,0,0.0,1.0
Zc6soBlDwW8,0,0,1.0,1.0
ZtWIXHzYfZ0,1,0,1.0,1.0
Ztb_992bNfg,1,0,1.0,1.0
_48-eWGtSZ8,1,0,1.0,0.0
_81nEFqWdgA,1,0,1.0,1.0
_O5QMKm4-Ik,0,0,1.0,1.0
_PxV6FPN9XU,1,0,1.0,1.0
_VvXw6YZQTQ,0,0,1.0,1.0
_o8JiiaCapU,1,0,1.0,1.0
_uYUiRBrAMk,1,0,1.0,1.0
_xiEFSWAkyU,1,0,1.0,1.0
a2kpXjTNMBE,1,0,1.0,1.0
aGjEeLsL2V0,0,0,1.0,1.0
aS3XEPPfNtU,1,0,1.0,0.0
aSOwRnQNE_A,1,0,1.0,1.0
acFsqewZenI,1,0,1.0,1.0
auSvtbHqszc,1,0,1.0,1.0
awC12PFFUuM,1,0,1.0,0.0
b37_YcMwAo0,0,0,1.0,1.0
b5i_SCogaWI,0,0,1.0,1.0
b5y-wVFruQQ,1,0,1.0,1.0
bWihl0bVrXQ,1,0,1.0,1.0
bikANJjzz8o,1,0,1.0,1.0
bui9u_mKOQw,1,0,1.0,1.0
bzPYA45fK8A,1,0,1.0,1.0
c2S3nrwOPPE,1,0,1.0,1.0
cGuxBtvBl3I,1,0,1.0,1.0
cUQXqZObNzM,0,0,1.0,1.0
cVSSdly_m7A,1,0,1.0,0.0
cWbZbyLmY5Q,0,0,0.0,0.0
ch1ox9oDLW8,0,0,0.0,1.0
d-hQhkCaNYU,1,0,1.0,1.0
d46WEOlnuVg,1,0,1.0,0.0
dAvuvO1Tayg,1,0,1.0,1.0
dCWP4gTn2k4,1,0,1.0,1.0
daF-YzBeF3M,0,0,1.0,1.0
deVJLKXv64M,0,0,1.0,1.0
dm5IRDCAr0Q,1,0,1.0,1.0
eE1N5wKmeAA,1,0,1.0,1.0
eOvY4ZOZiBI,1,0,1.0,1.0
edZkmdG0IAQ,1,0,1.0,1.0
eh6Q8pneY3U,1,0,1.0,1.0
ejxXGSDMeGQ,0,0,1.0,1.0
evUJXU4filI,0,0,1.0,1.0
f-Uf0XUMqO0,0,0,0.0,0.0
fHe-sw4yWhk,1,0,1.0,1.0
fJo3K-Ad6os,1,0,1.0,1.0
fKyzKlYGZhA,1,0,1.0,0.0
fLjaSApoDac,1,0,1.0,1.0
fMuGNy2oCzI,1,0,0.0,0.0
fPyS5ma_7rM,1,0,1.0,0.0
fknL-Kxk2AE,1,0,1.0,1.0
gD-MmdNumI8,1,0,1.0,1.0
gDICuN4uZdE,1,0,1.0,1.0
gJkemKXDM4w,1,0,1.0,1.0
gOGDlasUm0Q,1,0,1.0,1.0
gOLAVmFflgg,0,0,1.0,0.0
gSu_0TWRKTM,1,0,1.0,1.0
gU2W5T9CCzo,1,0,1.0,1.0
go13gzfx4sg,1,0,1.0,1.0
gpGlNOt8kxc,1,0,1.0,1.0
gt-AVLJGYnA,1,0,1.0,0.0
h2apXuz3ZXA,1,0,0.0,1.0
h3fHBq9Ez1Q,0,0,1.0,1.0
h6l3CB3boLA,1,0,1.0,0.0
h8pZlSo9q7o,1,0,1.0,1.0
h94zLqrxU4U,1,0,1.0,1.0
hHFvwBXy3uU,1,0,1.0,1.0
hPaxCgWMlkU,1,0,1.0,1.0
hRu-N4O-RY0,1,0,1.0,1.0
hVG4af995EU,1,0,1.0,1.0
huXg7JJwjfQ,1,0,1.0,1.0
hxgPkmy6BN4,1,0,1.0,1.0
i5y5SlctuJE,1,0,1.0,1.0
iB4hAHyAByw,1,0,1.0,1.0
iEOa6VM8zHg,0,0,0.0,0.0
iFmtPfMNol4,1,0,1.0,1.0
iPyVe4jx7rI,1,0,0.0,0.0
iU-kZznCqTE,1,0,1.0,1.0
iWSewFlU6o8,1,0,1.0,0.0
iZjpNbYrU4w,1,0,1.0,0.0
iqcLXLNE9oc,1,0,0.0,1.0
iqiz1Ctl6tA,1,0,1.0,1.0
j163VvTQ3q8,1,0,0.0,0.0
j2r44Plhj-Y,1,0,1.0,1.0
jIwUwGE9aX8,1,0,0.0,0.0
jPSl50VPOHI,0,0,1.0,0.0
jVcX_UfKD-E,0,0,1.0,1.0
jsLa9itfNFU,1,0,1.0,0.0
k2MCw4r2cBk,0,0,1.0,1.0
kGlGGqoF5-o,1,0,1.0,0.0
kOFVP0dPl-Q,1,0,0.0,0.0
kh2Nb0huvQs,0,0,1.0,0.0
khKxbCThvJI,1,0,1.0,1.0
krjuiYAzBkk,0,0,1.0,0.0
lWo1ZUKjKj4,1,0,1.0,1.0
lZl8tISca5E,1,0,0.0,0.0
llIfp6lVePI,1,0,1.0,1.0
lsAVcx-3sWs,1,0,1.0,1.0
m1eHAeYZYxk,0,0,1.0,1.0
m7qMAZ4ALKU,0,0,0.0,0.0
mGxPeSXNZs4,1,0,1.0,1.0
mTowOIbypHA,1,0,1.0,1.0
mWo-G3UQ-zU,1,0,1.0,1.0
me0zy_fuWyc,1,0,1.0,1.0
mxNW4Wrd-_Y,1,0,1.0,1.0
n-IKtQMpob0,1,0,1.0,1.0
n7g8aul7P_U,1,0,1.0,1.0
nAcy0QvN6k8,0,0,1.0,1.0
nBaT6tVEQAQ,1,0,0.0,1.0
nGpwOCgfxo4,1,0,1.0,1.0
nUh1z2VN55s,1,0,1.0,1.0
nV9JW3AHqfg,1,0,1.0,1.0
nXN-xHWxTLw,1,0,1.0,1.0
nhx78yRIBsQ,0,0,1.0,1.0
nmtmWZ7oUIY,1,0,1.0,1.0
nsWmEuW_NWI,1,0,1.0,1.0
o0WlzapSwN4,1,0,0.0,1.0
o1XNQs21gGA,1,0,1.0,0.0
o1iG80Cte4U,1,0,1.0,1.0
o46eZI0j_w4,1,0,1.0,1.0
oBzWEtWY--0,0,0,1.0,0.0
oFFAIe_38Ok,1,0,1.0,1.0
oMdwNFFftzk,0,0,1.0,1.0
oNr5TUvtdpQ,0,0,1.0,1.0
oS4VL7hjFKo,1,0,1.0,1.0
oTNmnqfuoEQ,1,0,1.0,1.0
oWT8_BOEtRk,1,0,0.0,0.0
ofLDgqgnzlg,1,0,1.0,0.0
ohGLSYxHFzg,0,0,0.0,0.0
ojpeeno-ppg,0,0,1.0,0.0
olA9HeRKAs4,1,0,1.0,1.0
onw0ie_Z4S4,1,0,1.0,1.0
opHxsx-GWuE,1,0,1.0,1.0
oyp_XInRObU,1,0,0.0,1.0
p3YhamjV-yU,1,0,1.0,1.0
pSvXNuTjJII,1,0,1.0,1.0
pXdclusBP0E,1,0,1.0,1.0
pdZFceZaiik,0,0,0.0,0.0
plNUfhcTJnI,0,0,0.0,0.0
prI4kVbD7_A,1,0,1.0,1.0
qLhKfH6om84,1,0,1.0,1.0
qN2kdsUuDp8,1,0,1.0,1.0
qRw4d4i1ZGU,1,0,1.0,1.0
qgnb3QLd01A,1,0,1.0,1.0
qkWLnyHua1g,1,0,1.0,0.0
qtwAEZnOgIw,0,0,1.0,1.0
qzklA8C6D74,0,0,1.0,1.0
rLWHUMOwCg4,0,0,1.0,1.0
rP05zGjuZu8,1,0,0.0,0.0
rX7g2i88HvI,1,0,1.0,1.0
roFq7UmFeFI,1,0,1.0,1.0
rrajxcaj5bw,0,0,0.0,0.0
rw0HCius2HM,1,0,1.0,1.0
s4ZVdc9sz2A,1,0,1.0,0.0
s9tpCo6yuMI,0,0,1.0,1.0
sAIZeb7RxSM,1,0,1.0,1.0
sCzlfHu2xSU,1,0,1.0,1.0
sHNM9CRbq5s,1,0,1.0,1.0
sYDMzXFdU0g,1,0,1.0,0.0
shX5xqZSAjk,1,0,1.0,1.0
skshT2TimrY,0,0,0.0,1.0
soniQyHK5Uc,1,0,1.0,1.0
szir6MfH8Lg,1,0,1.0,1.0
szxSYlfHGSE,1,0,1.0,1.0
t6_tl5yu-Ko,1,0,1.0,1.0
tDrKOe8cs_0,1,0,0.0,0.0
th-oxjfpsfc,1,0,1.0,1.0
tnj10J930i8,1,0,1.0,1.0
u1pg9QjrNzs,1,0,0.0,0.0
uKQ3BeBXV-I,1,0,1.0,1.0
uWhvUpcxaDI,1,0,1.0,1.0
uZMK2RTQIHE,1,0,0.0,1.0
uag1jIEuKTw,1,0,1.0,0.0
ue53qB4tfog,1,0,1.0,1.0
ufCSlPAmhI8,1,0,1.0,1.0
uo14qA9YNCM,1,0,1.0,1.0
utPr6EJm008,1,0,1.0,1.0
vAzY6Z3N_g8,1,0,1.0,1.0
vTbyIYG2DmM,1,0,1.0,1.0
vVNW1_QmgE0,0,0,1.0,1.0
vXxVFIgNTCE,1,0,1.0,0.0
vj-8ikMXPPk,1,0,1.0,0.0
vk3B1EmqhCM,1,0,0.0,0.0
vlkASwAkHaE,1,0,1.0,0.0
vqeDdme8V08,1,0,1.0,0.0
vxRLLRksj1c,1,0,1.0,1.0
w-g2ipm2li4,0,0,1.0,1.0
w4iz4OTCySM,1,0,1.0,0.0
wIriYWb0TCo,1,0,1.0,1.0
wJqS2kt5ers,1,0,1.0,1.0
wN4UayDUow8,0,0,1.0,1.0
wTLB9QOTw3w,0,0,1.0,1.0
wdY0jSBMY38,1,0,1.0,1.0
wtzLU1IziFg,1,0,1.0,1.0
wxFQwyQ1mzE,1,0,1.0,1.0
x39MwasbHvw,0,0,0.0,1.0
x49Yje5VGbc,1,0,1.0,1.0
x8_su3paw5o,1,0,1.0,1.0
x8p65U7Kisc,1,0,1.0,1.0
xJ2oD_70mT4,1,0,1.0,1.0
xJqhnoDUKj8,1,0,1.0,1.0
xNyxViXrghs,0,0,1.0,1.0
xSwfR3UYZ4E,1,0,1.0,1.0
xUV0eKlDJcY,0,0,1.0,0.0
xdOBwXBxffI,0,0,1.0,1.0
xe-tja-CDi4,1,0,1.0,1.0
xrBV2Q8Hf-A,0,0,1.0,1.0
xxfWYUq6QY0,1,0,1.0,1.0
xzM05BcEHPM,1,0,1.0,1.0
y52itv5tpDI,1,0,0.0,1.0
y9EwhX7uyZ0,1,0,0.0,0.0
yGurXfU0hEw,1,0,1.0,1.0
yZ2jdYoZeFw,1,0,1.0,1.0
ymNk_1T7HMM,1,0,1.0,1.0
ysNFfdkHnnM,1,0,1.0,1.0
yv_6ana0Pws,1,0,1.0,1.0
zJ99dU_mGCE,1,0,1.0,1.0
zOQSY5oUBqk,0,0,1.0,1.0
zrwWJL1iDug,0,0,1.0,1.0
--uQR16bKD8,0,1,1.0,1.0
-8wPY3vFR_A,1,1,1.0,1.0
-B-HaLGqQRM,1,1,0.0,1.0
-DGB139NQg8,1,1,0.0,1.0
-DgvdrXc3ko,0,1,1.0,1.0
-F8PZyqms3U,0,1,1.0,1.0
-O_E1UWn7uE,0,1,1.0,1.0
-OcOA2cE5w4,1,1,1.0,1.0
-SE6qHgJYm0,1,1,1.0,1.0
-UfkH83KeC8,1,1,1.0,1.0
-Y8KuNWQQ9Q,1,1,1.0,1.0
-Yy-KYj-lBw,1,1,1.0,1.0
-_y1b3X80EA,1,1,1.0,1.0
-a4HVaw8rNE,1,1,1.0,1.0
-cMlDHvdeWQ,1,1,1.0,1.0
-gOE6NWC-r0,0,1,1.0,1.0
-ks0hNR8blI,0,1,1.0,1.0
-mw-gyN054o,1,1,1.0,1.0
-oJFHEByRPw,1,1,1.0,1.0
-pSSzZZch8Y,1,1,1.0,1.0
-rUGADJf8MI,1,1,1.0,1.0
-vUZqrsBPvU,1,1,1.0,1.0
0037qEU7iHY,1,1,1.0,1.0
048MToVYJmI,0,1,1.0,1.0
04ZmEPOjrw4,1,1,0.0,1.0
05G3hfCd8O0,1,1,1.0,1.0
08hdxfjlMR4,1,1,1.0,1.0
0DNUVlGgTIo,1,1,0.0,1.0
0DQZxvbD-Es,1,1,1.0,1.0
0DfihOFKmzc,1,1,1.0,1.0
0F0LNR5OXwo,1,1,1.0,1.0
0GyVL3Jafks,1,1,1.0,1.0
0I1apTZu-2s,1,1,0.0,1.0
0K4NKzMNfCI,1,1,1.0,1.0
0KWHndFZ6mc,1,1,1.0,1.0
0M9uEVj9qx0,1,1,1.0,1.0
0OIf3CzjQVo,1,1,1.0,1.0
0PTSL9qCqQQ,1,1,1.0,1.0
0RgqpvAs0O0,1,1,1.0,1.0
0SdnZ5Oe6wU,1,1,1.0,1.0
0Xmk-O8PZ7I,1,1,1.0,1.0
0Y_H9rC7HjY,1,1,1.0,1.0
0Zp7uPIyllo,1,1,1.0,1.0
0_gFDk3K3J8,1,1,1.0,1.0
0_vHsNOiHfQ,0,1,0.0,1.0
0c6RzAgaWSs,1,1,0.0,1.0
0dXxtkMGYJ4,0,1,1.0,1.0
0fI_01yFmME,1,1,1.0,1.0
0fYXVAn-CCs,1,1,1.0,1.0
0hIP6fan87Y,0,1,1.0,1.0
0o1wQZokePs,1,1,1.0,1.0
0p0fBn7gPyc,1,1,1.0,1.0
0pPrX8IvRYM,1,1,1.0,1.0
0w2Lo_nYRPs,0,1,1.0,1.0
0xAYdBFKMHk,1,1,1.0,1.0
12Ec8VFBBJU,0,1,1.0,1.0
14IPpNZKpGw,0,1,1.0,1.0
15x2LUjx_Dk,1,1,0.0,1.0
16ECfRFtuXk,1,1,1.0,1.0
19_kVnsbVks,1,1,0.0,1.0
19qKiwQZF6s,1,1,1.0,1.0
1FUrNRf84k4,0,1,1.0,1.0
1FjuMB6pRyM,1,1,1.0,1.0
1N6kqKjpGX4,1,1,1.0,1.0
1NdUceHU8jI,0,1,1.0,1.0
1PjyIgp0vck,1,1,1.0,1.0
1Qqef5XHazY,0,1,1.0,1.0
1RNZCQZ0Jc8,0,1,0.0,1.0
1V4nben5SWM,0,1,1.0,1.0
1aDSEnTdTTg,1,1,1.0,1.0
1ddqWlRpMGA,1,1,1.0,1.0
1eMZZrrOds8,1,1,1.0,1.0
1g1Gqmyuntw,1,1,1.0,1.0
1hsP3HxFspI,1,1,1.0,1.0
1ihutUU87eQ,1,1,1.0,1.0
1kuPXGv1Zo0,0,1,1.0,1.0
1oVy3s5a00Q,0,1,1.0,1.0
1r6J-PUSVuk,1,1,1.0,1.0
1rLIyYJkRN4,1,1,1.0,1.0
1tRL-3tDG4M,1,1,1.0,1.0
1v2-xH8o-Jk,1,1,1.0,1.0
1wACYbm3fWE,1,1,0.0,1.0
1x16GljWewo,1,1,1.0,1.0
1xVsO9MyRC4,1,1,0.0,1.0
1yUiXRlQmrg,0,1,1.0,1.0
22Ty9QW1x5A,1,1,1.0,1.0
255fQTWPjLc,1,1,1.0,1.0
25s5DMnRixA,1,1,1.0,1.0
285rrHITwQ8,1,1,1.0,1.0
28FuV1M3YK4,1,1,0.0,1.0
2A8uKo5t5oE,0,1,1.0,1.0
2DTTSvl9MZ0,0,1,1.0,1.0
2EIAKgZjcB4,1,1,1.0,1.0
2FiXnrAasPA,1,1,1.0,1.0
2Ife8c6RHls,1,1,0.0,1.0
2J6WUkDBrWU,1,1,1.0,1.0
2KJ2WTWAwi8,0,1,1.0,1.0
2OAPveVvBZE,1,1,1.0,1.0
2PKtO5qgtTU,1,1,1.0,1.0
2QKwDGlpVBo,1,1,1.0,1.0
2VGNMvwcZ_4,1,1,1.0,1.0
2WX9bq0jylU,1,1,1.0,1.0
2ZVIKm33OSg,1,1,1.0,1.0
2ZhrOUAH-Ms,1,1,1.0,1.0
2_M6tOdjhyU,1,1,1.0,1.0
2_S3Ifwc6pE,1,1,0.0,1.0
2b5H5dfDkpQ,1,1,1.0,1.0
2ba5QwyGIts,0,1,1.0,1.0
2dRMaAqYBiE,1,1,1.0,1.0
2ffgH6XdeJw,1,1,0.0,1.0
2fjVz3kVnaA,1,1,1.0,1.0
2g71uDwOqOE,0,1,1.0,1.0
2nIn28UmhN0,0,1,0.0,1.0
2pdhKw7-Bcw,1,1,1.0,1.0
2sGbpACkSBw,0,1,1.0,1.0
2sgjLRoTW6U,1,1,1.0,1.0
2y7_hW0r-KA,1,1,1.0,1.0
2zi6d7WffN4,1,1,1.0,1.0
33XHF1jM0ec,1,1,1.0,1.0
37xSeUlCF0c,1,1,1.0,1.0
38H0DS1tEow,1,1,1.0,1.0
3A5st5NlSb8,1,1,1.0,1.0
3Aw2zuF6pL4,0,1,1.0,1.0
3C8hSJhPM_c,1,1,1.0,1.0
3F3KdExu3Is,1,1,1.0,1.0
3Fnf2wMr1Lc,1,1,1.0,1.0
3JRKq3l5juw,1,1,0.0,1.0
3KzgtcRaNxw,1,1,1.0,1.0
3Q_Pmf5L4vw,1,1,1.0,1.0
3ULGjJENUU4,1,1,0.0,1.0
3V6pHnzQV2I,1,1,1.0,1.0
3YHRys57nVI,1,1,1.0,1.0
3YY_2TSC1kY,1,1,1.0,1.0
3e6Ok8BFqYo,1,1,1.0,1.0
3h86G04DrxQ,1,1,1.0,1.0
3iGLfS5PRyY,1,1,1.0,1.0
3ihszthnayg,0,1,1.0,1.0
3k4Dc7saXzQ,1,1,1.0,1.0
3kOElXz0vVg,1,1,1.0,1.0
3kgHXxW9XaE,0,1,1.0,1.0
3lVXurnurXo,0,1,1.0,1.0
3m0vW_ejQwY,1,1,1.0,1.0
3nKK-9wM7sA,1,1,1.0,1.0
3oRTawBYIDk,1,1,1.0,1.0
3rMay9yNYYQ,1,1,0.0,1.0
3thMvCaALDc,0,1,1.0,1.0
3xBoVClIOXs,1,1,1.0,1.0
43PWKVRHdHU,1,1,1.0,1.0
44cLsk09rN8,1,1,1.0,1.0
4DPaiwanZmo,1,1,1.0,1.0
4DhN2CpNWzY,1,1,1.0,1.0
4EBUSmSh9Ew,1,1,1.0,1.0
4Eb_iMpNFcA,1,1,1.0,1.0
4EflwSP2EJk,0,1,1.0,1.0
4FP1kfHmxf8,1,1,1.0,1.0
4FsNXTPOlU4,1,1,1.0,1.0
4Hch-iQuCgw,1,1,1.0,1.0
4JNPNawfbBA,1,1,0.0,1.0
4LAI8_eIr7g,1,1,0.0,1.0
4Li5l4YG3i4,1,1,1.0,1.0
4Q-oIndKj3A,1,1,1.0,1.0
4TwLNSc5jLE,1,1,0.0,1.0
4Zxvm3MSb8k,1,1,1.0,1.0
4czrkm7S1Rk,1,1,1.0,1.0
4ieT1N2B_Ww,1,1,1.0,1.0
4kPFuxWn-WY,1,1,0.0,1.0
4nke5FR3B8Q,1,1,1.0,1.0
4s_XF3NJTvA,1,1,1.0,1.0
4v1fxR5lgbk,1,1,1.0,1.0
4w6__b_TV4Y,1,1,1.0,1.0
5-aBc5GrLUw,0,1,1.0,1.0
51bRSMepzZ8,0,1,1.0,1.0
53nSYd7rkBQ,1,1,1.0,1.0
57E0mZvygpc,1,1,1.0,1.0
5ACyY3UzLYA,1,1,1.0,1.0
5CMjNnn9Qds,1,1,0.0,1.0
5CoiTOiNWxo,0,1,1.0,1.0
5DGn6xjdvzU,1,1,1.0,1.0
5ESAlImjJ8s,1,1,1.0,1.0
5GJwAa6eFag,1,1,1.0,1.0
5H5OZOWWCqI,1,1,1.0,1.0
5LRHP3sYThs,1,1,1.0,1.0
5M9tz38lrvQ,1,1,1.0,1.0
5OOtWbywkls,1,1,1.0,1.0
5P7iL1sO1U4,1,1,1.0,1.0
5UYVmBsASws,1,1,1.0,1.0
5YG5fnuJmNQ,1,1,1.0,1.0
5YvJEANB_OE,1,1,1.0,1.0
5bEVFzJQNIQ,1,1,1.0,1.0
5bv82bVnm2Q,1,1,1.0,1.0
5kUzMfvL-u0,0,1,1.0,1.0
5luYA35UPqk,1,1,1.0,1.0
5oR3tvB9wM0,1,1,1.0,1.0
5sLIIxfENpk,1,1,1.0,1.0
5z5tS427w3M,1,1,1.0,1.0
5zVO8qosRu0,1,1,1.0,1.0
6-0CvKbDtPs,1,1,1.0,1.0
60nv9HR7l3c,0,1,1.0,1.0
62TiP9HlXNk,1,1,1.0,1.0
63Al6PQ7ma0,1,1,1.0,1.0
65-pbNnw6lA,1,1,1.0,1.0
66Uv-ZwBY88,1,1,1.0,1.0
67z06JNHqDg,1,1,0.0,1.0
68XsPhyMEZA,0,1,0.0,1.0
6DDGrjVRevo,1,1,0.0,1.0
6FpNp3Uy04Q,1,1,1.0,1.0
6HmrD6hkuFA,0,1,0.0,1.0
6INZhigA4Nc,1,1,1.0,1.0
6PHpJYFtdiM,1,1,1.0,1.0
6Pdbj_7rOKo,0,1,1.0,1.0
6Pi9IVPATVA,0,1,1.0,1.0
6clBivgLmXI,1,1,1.0,1.0
6h3Q0dvghIg,0,1,1.0,1.0
6hZ5e8hucck,1,1,1.0,1.0
6qMf_HCem4E,1,1,1.0,1.0
6yqtliOykqI,1,1,1.0,1.0
71gCL53Tl24,1,1,1.0,1.0
74WgJHBRDxI,1,1,0.0,1.0
76MIBypbQXE,1,1,1.0,1.0
78qx3Nm1Tn0,1,1,1.0,1.0
7AgLqCHrFng,1,1,0.0,1.0
7C8kaUMPMcc,1,1,1.0,1.0
7F5l2P1cp2A,1,1,1.0,1.0
7N34Rfh0Luw,1,1,1.0,1.0
7SALG0DJB68,1,1,1.0,1.0
7Soy1ejS32Q,1,1,1.0,1.0
7StpZ9_nq4w,1,1,1.0,1.0
7WYkUta7YNw,1,1,1.0,1.0
7a7xiyTkEq0,1,1,1.0,1.0
7bV6Hvkx7sg,1,1,1.0,1.0
7flEoSSNGsY,1,1,1.0,1.0
7icHN2_qfig,0,1,1.0,1.0
7jH19g1XMuQ,1,1,1.0,1.0
7yrWedfurm4,1,1,1.0,1.0
843uqzmkONQ,0,1,1.0,1.0
86oF359FHUY,1,1,1.0,1.0
88h6CvWDFl4,1,1,1.0,1.0
8AdKbX3LLiM,0,1,1.0,1.0
8C-exOYRY4Q,1,1,1.0,1.0
8C61LbegC3E,1,1,1.0,1.0
8EP_4kEaoPE,1,1,1.0,1.0
8JCO70bph6s,1,1,1.0,1.0
8Loq9oE72TY,1,1,0.0,1.0
8NzEjR2nUag,1,1,1.0,1.0
8Ps7IBlAazk,0,1,1.0,1.0
8RTM3xScaWE,1,1,1.0,1.0
8T0MLKVPZmw,1,1,1.0,1.0
8XniQTxWRZs,1,1,1.0,1.0
8aVfKCcZhOQ,1,1,1.0,1.0
8eAgLpIHcrc,0,1,1.0,1.0
8eHFqkqJn2k,1,1,1.0,1.0
8hiQql7YoZk,1,1,1.0,1.0
8l1x82tkYiA,1,1,1.0,1.0
8lsPJJMTECc,1,1,1.0,1.0
8w-Y9QInwQg,1,1,1.0,1.0
8xWufzfdJbA,1,1,1.0,1.0
96OuQ4Huwvc,1,1,0.0,1.0
97WXn0ymAdA,1,1,1.0,1.0
98pNrNp6fOE,1,1,1.0,1.0
9ABIVusbOgg,0,1,1.0,1.0
9AMz_ZS9X2A,1,1,1.0,1.0
9B30ZUzpXwU,1,1,0.0,1.0
9C35-GsVgf0,1,1,1.0,1.0
9CNu2mauD-A,0,1,1.0,1.0
9E_XTiyK5sE,0,1,1.0,1.0
9G77To5l5Hk,0,1,1.0,1.0
9Gx-ML5efT4,0,1,1.0,1.0
9I2EIbxi63s,1,1,1.0,1.0
9LCl9pjTVRY,0,1,1.0,1.0
9PwfiOuHrjA,1,1,1.0,1.0
9QiQvxDjV5w,0,1,1.0,1.0
9RC0hgL_lgQ,0,1,1.0,1.0
9VF0hud9rW8,1,1,1.0,1.0
9VL8koL72g4,0,1,1.0,1.0
9eX0-Sy38Fk,0,1,1.0,1.0
9gJSE08sCtQ,1,1,1.0,1.0
9mJExw9ARAA,1,1,1.0,1.0
9nquNhUAju0,1,1,1.0,1.0
9oRaPL3oCUA,1,1,1.0,1.0
9oVLxfYex8Y,1,1,1.0,1.0
9rXedDBrVKY,1,1,1.0,1.0
9siZWzxrJHM,1,1,1.0,1.0
9tKDNZOqA6k,0,1,1.0,1.0
9ul6iIbCPQI,0,1,1.0,1.0
9uvt4Bhd8Uo,1,1,1.0,1.0
9vNijBQhcFE,1,1,1.0,1.0
9xBdFS9BOZ8,1,1,1.0,1.0
9xc27Rr5fXw,1,1,1.0,1.0
A0Q0XmmoMlo,1,1,1.0,1.0
A6ms95Ru9ys,1,1,1.0,1.0
ABm8iW5eWC8,1,1,1.0,1.0
AC3Wn6bRu-w,1,1,1.0,1.0
ACP-hdH06qo,1,1,1.0,1.0
AD2RtJPAhIU,1,1,1.0,1.0
AGAXmrt7AUI,1,1,1.0,1.0
AIb8ZO36zc0,1,1,1.0,1.0
AMkNYaXhhvU,1,1,1.0,1.0
AT7I5CFyKac,1,1,1.0,1.0
ATNxBh1zD5k,0,1,1.0,1.0
AWy8tBh8hkw,1,1,1.0,1.0
A_H2aJwNq4c,1,1,1.0,1.0
AaOZzqkbtN0,1,1,1.0,1.0
AcWWxJWVtIs,1,1,1.0,1.0
Ac_3V40qLrA,1,1,1.0,1.0
AduzVx9An_U,0,1,1.0,1.0
AfjuqWeBpQo,1,1,1.0,1.0
AfxIr59erBA,1,1,1.0,1.0
AgCrbjrKu3Y,1,1,1.0,1.0
AhN5Z5pfWW4,1,1,1.0,1.0
AjIy9AzhbxE,1,1,1.0,1.0
AkxVxcwk89g,1,1,1.0,1.0
AkyLroIAhIc,0,1,1.0,1.0
Al48yiqiS24,1,1,1.0,1.0
Al4HeG0SEOY,1,1,1.0,1.0
Ao3xoPbT7mY,1,1,1.0,1.0
Aoq1eFlWD5I,1,1,1.0,1.0
AqwJCeemxdg,0,1,1.0,1.0
Atra4d44WIo,0,1,1.0,1.0
AumWr7lU0mM,1,1,1.0,1.0
AvoDNblvFMQ,0,1,1.0,1.0
AwXputSuVeo,1,1,1.0,1.0
AxaM-imfTZQ,1,1,1.0,1.0
B1WItwQ54MY,1,1,0.0,1.0
B1hXPL7pgvs,1,1,1.0,1.0
B4b5hfFtVnk,1,1,1.0,1.0
B5kMgmK0bnw,1,1,1.0,1.0
B5xKbNVn3Rc,1,1,1.0,1.0
B9O_ZSr5BNM,0,1,1.0,1.0
B9RjImfEWAo,1,1,1.0,1.0
BG6rRen2Mi0,1,1,1.0,1.0
BGz7jrZEslA,0,1,1.0,1.0
BI5cMK2tySM,1,1,1.0,1.0
BMeObD_AmPo,1,1,1.0,1.0
BNxyk6BTd3w,0,1,1.0,1.0
BO65FLleG-U,0,1,1.0,1.0
BQ9G_YSbxcM,1,1,1.0,1.0
BTNQIROSPjY,1,1,1.0,1.0
BUERgWp34o4,0,1,1.0,1.0
BUWo33X6iRw,1,1,1.0,1.0
BXwyANaoHms,1,1,0.0,1.0
BYDzDjSGBy0,1,1,1.0,1.0
BanIGqOoEi0,1,1,1.0,1.0
BeH0DTnx3kE,1,1,1.0,1.0
BfLtqOL3hxw,1,1,1.0,1.0
BiGv2f9L5Fs,1,1,1.0,1.0
Bow5eOa8Jcg,1,1,1.0,1.0
BqLnHsi6Qgo,1,1,1.0,1.0
BsFn6tNQEo4,1,1,1.0,1.0
C-oGFBRT2hg,0,1,1.0,1.0
C0jGfS0IeUY,0,1,1.0,1.0
C0z6CudidMU,1,1,1.0,1.0
C1ccsAGhXnk,1,1,1.0,1.0
C1l6Ir3-ZpY,1,1,1.0,1.0
C3wIiVF_k-I,0,1,1.0,1.0
C5SHt_nZ4aQ,0,1,1.0,1.0
C62YxOnLe8A,1,1,1.0,1.0
C9eH-xmTB8g,0,1,1.0,1.0
CAnqxepSuZQ,1,1,1.0,1.0
CCvq2YLkSSs,1,1,1.0,1.0
CDU6aVcZ-EE,1,1,1.0,1.0
CI64AjXkq-w,0,1,1.0,1.0
CKgEvOIT0j0,1,1,1.0,1.0
CN05CDyEf-o,1,1,1.0,1.0
COpe6DZjy8M,1,1,1.0,1.0
CR_CUgLV8M8,1,1,1.0,1.0
CRa4fj0BEPY,1,1,0.0,1.0
CTt1UBx_HRI,1,1,1.0,1.0
CU10NW_Trts,1,1,1.0,1.0
CUUq7fLMruM,1,1,1.0,1.0
CVZBa7yBuh4,1,1,1.0,1.0
CXdGE_YffMc,1,1,1.0,1.0
CYRwlUJwqKQ,1,1,0.0,1.0
CbhEVSrmZMk,0,1,1.0,1.0
Cel78LhQ04w,1,1,1.0,1.0
ChUHSuyWguo,1,1,1.0,1.0
CjKCYRCuGqE,0,1,1.0,1.0
Ckfj5KiviHk,1,1,1.0,1.0
Cl56BYuRczw,0,1,1.0,1.0
CnJRnAiMkZY,1,1,1.0,1.0
Cp59BCMVHHc,1,1,1.0,1.0
Cq4ZFKQ_19o,1,1,1.0,1.0
CxlvqzrVpAk,1,1,1.0,1.0
CyS8ECTMQN4,1,1,1.0,1.0
CzthkYMLaFk,1,1,0.0,1.0
D08UtN4KUqM,0,1,1.0,1.0
D1UiscY-c9w,0,1,1.0,1.0
D1kDysDeGNc,1,1,1.0,1.0
D2amWNJM3Qc,1,1,1.0,1.0
D4s1_X7UubY,1,1,1.0,1.0
D5ERVbRA6OE,0,1,1.0,1.0
D8NFBRebBv0,1,1,1.0,1.0
DA-WQ8nMO7E,0,1,1.0,1.0
DH7ALsYX_JQ,0,1,1.0,1.0
DLX_QpDoUD4,0,1,1.0,1.0
DOu9IuNkObw,1,1,1.0,1.0
DTP8wlQS0Y8,1,1,1.0,1.0
DTz1gqtnMb8,1,1,1.0,1.0
DXnCwKr4xD8,1,1,0.0,1.0
DZpNjWfMioY,1,1,1.0,1.0
DcgXXxLHyCE,1,1,1.0,1.0
DeYUSwMprD0,1,1,1.0,1.0
DehY-Be783M,1,1,1.0,1.0
DgoVKIkCKEQ,1,1,1.0,1.0
Dh4AuC-syLU,1,1,1.0,1.0
DhIssYBngVo,1,1,1.0,1.0
Dj1SzImT_yI,0,1,1.0,1.0
DjYv6s6ePWY,1,1,1.0,1.0
DjkmLsl3K8A,1,1,1.0,1.0
DknR5EMqE2w,1,1,1.0,1.0
DkpesT4gUBI,1,1,1.0,1.0
Dt96d97_I7w,1,1,1.0,1.0
DtF1UrjollI,1,1,0.0,1.0
Dx5_e7qdJjE,1,1,1.0,1.0
E-wOxOakE8A,1,1,1.0,1.0
E0Am_KGBdUg,1,1,1.0,1.0
E0GWYsusrbc,1,1,1.0,1.0
E2WnbXOS4VI,1,1,1.0,1.0
E7roMzDCeAU,1,1,1.0,1.0
EBJrZIi6tsU,1,1,1.0,1.0
EE2NAv4VsbI,1,1,1.0,1.0
EFpLTuvsvW8,0,1,1.0,1.0
EIItnkDehow,1,1,1.0,1.0
ERz9My_l8XM,1,1,1.0,1.0
EbsM1jhu1Qo,1,1,0.0,1.0
EcBsjSBS_1Q,1,1,1.0,1.0
EdMLyJZ-FRM,1,1,1.0,1.0
Eed4BxANPls,0,1,1.0,1.0
EefMQdwxuKg,1,1,1.0,1.0
Eeo6m0Gzicw,1,1,1.0,1.0
EgVeZX8rZdc,1,1,1.0,1.0
EgxvU6XrHtI,1,1,1.0,1.0
Es0RNKAb5xQ,1,1,1.0,1.0
EupkJjsrV0s,1,1,1.0,1.0
Ewcgp-iYiUc,0,1,1.0,1.0
EwkaRBKOmtY,1,1,1.0,1.0
Ewq5GelNV1E,0,1,1.0,1.0
Ex1Nl6ECB1M,1,1,1.0,1.0
EyErv_J7goQ,1,1,1.0,1.0
EyHrj68ar2Q,1,1,1.0,1.0
Eydrd2P_iGY,1,1,1.0,1.0
EzKwIzujckE,1,1,1.0,1.0
F2xW1HO-g7k,1,1,1.0,1.0
F82fV_Hif-0,1,1,1.0,1.0
F8DuTf4RdC0,0,1,1.0,1.0
FB3oCPTz-us,1,1,1.0,1.0
FBIMwQLYvaE,1,1,1.0,1.0
FBuuj_1uQD8,1,1,0.0,1.0
FFpWVG1nRLQ,0,1,1.0,1.0
FH7aHDHnkjU,1,1,1.0,1.0
FIYJEMZN8D8,1,1,1.0,1.0
FKLSOqm8c6k,1,1,1.0,1.0
FMhbhFhRN2s,1,1,1.0,1.0
FNiBW4khGGs,1,1,1.0,1.0
FO7gVvl38Fw,1,1,0.0,1.0
FOywT4FXV-Y,0,1,1.0,1.0
FRHJ_0YX1M8,1,1,1.0,1.0
FR_uU3_WiPc,1,1,1.0,1.0
FW5BLDCxtdg,1,1,1.0,1.0
FaLTTq6LKWM,1,1,1.0,1.0
FbCumsphfIs,1,1,1.0,1.0
Fc41BZQTh-A,1,1,1.0,1.0
FhJc0aNd_-4,0,1,1.0,1.0
FllFoTFmyPg,1,1,0.0,1.0
FmGlGi7BCiE,1,1,1.0,1.0
FuFAutN7yvU,1,1,1.0,1.0
FutbHS0BzuU,1,1,0.0,1.0
Fwd32Xa3uwc,1,1,1.0,1.0
FySIVTsfjvs,0,1,1.0,1.0
FzsrvkMBNv0,1,1,1.0,1.0
G-LgFZmwMIY,1,1,1.0,1.0
G3CwpSpvlJM,1,1,0.0,1.0
G44-ul_xF4Y,1,1,1.0,1.0
G55tlheAfAg,1,1,1.0,1.0
G5S3DQiqjGo,1,1,1.0,1.0
G8xkRNuzVWs,1,1,1.0,1.0
G9g-vU3MdKs,1,1,1.0,1.0
GEQ29IUz13I,1,1,0.0,1.0
GEjafPoCahU,1,1,1.0,1.0
GKKqS0yfCaY,0,1,1.0,1.0
GLGKMbJL0zY,1,1,1.0,1.0
GLdj-jF2o30,1,1,1.0,1.0
GM8hdzbqt38,1,1,1.0,1.0
GMYhl28dBfk,1,1,1.0,1.0
GMkXQdu_QCg,1,1,1.0,1.0
GUcpQMuxskY,1,1,1.0,1.0
GYXxJVqAX1k,1,1,0.0,1.0
G_AS3u-FihA,1,1,1.0,1.0
GevbIiKImIs,1,1,1.0,1.0
GjwguQgnCK0,1,1,1.0,1.0
Gl1fRdQ4Xg0,1,1,1.0,1.0
GlxsdzjtFcU,0,1,1.0,1.0
GmogW5O95-I,0,1,1.0,1.0
GnNi7_OkCUQ,1,1,1.0,1.0
Gr_VvPglwiw,0,1,1.0,1.0
GtiPkAuoaTc,0,1,1.0,1.0
GuccJGtgbaM,1,1,0.0,1.0
GuwgWLB7EfI,1,1,1.0,1.0
H-fZPKSscbY,1,1,1.0,1.0
H3AbJfkCc3E,1,1,0.0,1.0
H5aM9a60eLM,1,1,1.0,1.0
HABnUjObdV0,1,1,1.0,1.0
HDzvaqdeqNA,1,1,1.0,1.0
HFA-BERo0a0,1,1,1.0,1.0
HH-bwzLwUwo,0,1,1.0,1.0
HHEkAReLt0A,1,1,1.0,1.0
HKTeAOiByLw,1,1,1.0,1.0
HLYe_UsgtVQ,0,1,1.0,1.0
HPfjbZ1qjF0,0,1,1.0,1.0
HTOrcXnOvQM,1,1,1.0,1.0
HW-rRaTRpNc,1,1,1.0,1.0
HYWmYJNg5Jw,1,1,1.0,1.0
Hc80DpVlVYY,1,1,1.0,1.0
HfKHpFF48X8,0,1,1.0,1.0
Hn5TItBcsLI,0,1,1.0,1.0
Hni-1dESzQc,1,1,1.0,1.0
Hohycb5N2uQ,1,1,1.0,1.0
HpZWaKoSMsI,0,1,1.0,1.0
Hpx8xSyeQAY,1,1,1.0,1.0
Hq5lLITW1L4,1,1,1.0,1.0
HsCqqnIvlz0,1,1,1.0,1.0
HySh85IZS5E,1,1,1.0,1.0
I12PMiX5h3E,0,1,1.0,1.0
I6ypRSWyeXc,0,1,0.0,1.0
IE-xepGLVt8,1,1,1.0,1.0
IJW1nCE7-t0,1,1,1.0,1.0
IOzOnoaWpUc,1,1,1.0,1.0
IRAogUCB6Xs,1,1,0.0,1.0
IVEWHlxrf5c,0,1,1.0,1.0
IcllEPIKJww,1,1,1.0,1.0
Idfgrq18WWY,1,1,1.0,1.0
Ig_M3CQMcRM,1,1,1.0,1.0
IgvyQDh83F8,1,1,1.0,1.0
Ikub1olZUTw,1,1,0.0,1.0
IlhqEf8EOCg,1,1,1.0,1.0
Im2IF0AjmM0,1,1,1.0,1.0
IocohcK9fNU,0,1,1.0,1.0
IqtDaTv8g3Q,1,1,0.0,1.0
IsQP8BzeCzQ,1,1,1.0,1.0
ItXLYLMrw4Y,1,1,1.0,1.0
IyE3lphxhTg,1,1,1.0,1.0
Iz2pHV22w78,1,1,1.0,1.0
IzFlvWDNWK8,1,1,1.0,1.0
J0MfQRQTUWU,1,1,1.0,1.0
J1KR5xxJh1c,1,1,1.0,1.0
J1j7i2TF7sc,0,1,0.0,1.0
J2tIgKLkf38,0,1,1.0,1.0
J4XP-uOl67M,1,1,1.0,1.0
JDNV3vxfPOA,1,1,1.0,1.0
JDjzkIC_y2c,0,1,1.0,1.0
JIXkf_i3kG0,1,1,1.0,1.0
JQuaHLnQgyg,1,1,0.0,1.0
JU-8g2x799s,1,1,1.0,1.0
JUx30vdQXeE,1,1,1.0,1.0
JW4lIySlfPo,1,1,1.0,1.0
JZAwgkuh6A4,1,1,1.0,1.0
JcfKoev76EQ,1,1,1.0,1.0
JeyxWy-Q3z8,1,1,1.0,1.0
Jh8nd9AmR6E,1,1,1.0,1.0
Ji7TURuEBaE,1,1,1.0,1.0
JoAceYLK6g8,1,1,1.0,1.0
JoRdbd-BjmA,1,1,1.0,1.0
JpGgw7nONM0,0,1,1.0,1.0
JtHDbQ4vHyM,0,1,1.0,1.0
Jx8mwpje-J4,0,1,1.0,1.0
Jxb8RVrgjQo,0,1,1.0,1.0
JxgcABT3jVM,0,1,1.0,1.0
Jz2dTdXJeqw,1,1,1.0,1.0
K-FJBb_kHnU,1,1,1.0,1.0
K5IsxDcxM14,1,1,1.0,1.0
KFerP18ONoA,0,1,1.0,1.0
KKywuYBJN_k,1,1,1.0,1.0
KLWMelePHsk,1,1,1.0,1.0
KNXNGrgRrjk,0,1,1.0,1.0
KPDmx9BwEAs,1,1,1.0,1.0
KQ54mmxUBXQ,0,1,1.0,1.0
KQQpWs5HEEc,1,1,1.0,1.0
KWnhR3pzZQg,0,1,1.0,1.0
KXWmRTzmkno,1,1,0.0,1.0
KY_vd_UwVGc,1,1,1.0,1.0
KYlWIGUYqro,1,1,0.0,1.0
K_bgiqredAI,1,1,1.0,1.0
KbgNpLZ-VIc,1,1,1.0,1.0
KdthH0rGjsE,1,1,1.0,1.0
Kdvm8L9U57E,1,1,1.0,1.0
KfL_n-QvZwI,1,1,1.0,1.0
KlNi7pml2cY,0,1,1.0,1.0
KmQ1gKpNkoQ,1,1,1.0,1.0
Kr3YhFavSlk,0,1,1.0,1.0
Kriob0nAuyU,1,1,0.0,1.0
KsAf-tMmpyg,1,1,1.0,1.0
KtnenSnI-TA,1,1,1.0,1.0
KvJtFDyf-p4,1,1,1.0,1.0
Kx5LKh8m6FE,1,1,1.0,1.0
KyhnIuouFeQ,1,1,1.0,1.0
L-7NqjKqqb8,1,1,1.0,1.0
L0ES-Z0Tjr0,0,1,1.0,1.0
L17XqtwyoxQ,1,1,1.0,1.0
L2ygtcDElwY,1,1,1.0,1.0
L3Bby-OLOvg,1,1,1.0,1.0
L3X6TRZb_Fw,1,1,1.0,1.0
L4xV-OqEKpA,0,1,0.0,1.0
L7OEN8JqJMc,1,1,1.0,1.0
L9urG01PmmA,0,1,1.0,1.0
LAK2p11AE3I,1,1,1.0,1.0
LHMeXXTFIuM,0,1,1.0,1.0
LJjkHywUjfc,1,1,1.0,1.0
LKy88G9VD34,1,1,0.0,1.0
LOI4-izIfAE,1,1,1.0,1.0
LQjcIW_p2Oc,1,1,1.0,1.0
LSlzbi2jOG8,1,1,1.0,1.0
LUM8-vDH-kI,0,1,1.0,1.0
LV5QOgGamZo,0,1,1.0,1.0
LVD_89gRUpA,1,1,1.0,1.0
LW8xpMrucOk,1,1,1.0,1.0
LWGCqj5_-14,0,1,1.0,1.0
LXBPENzeXvc,1,1,1.0,1.0
LXQiFqHUP1Q,1,1,1.0,1.0
L_OmHZfmP6E,0,1,1.0,1.0
L_dCXo8a3Z0,1,1,1.0,1.0
LbUCLSRKiS4,1,1,1.0,1.0
LcBaW2csTjo,1,1,1.0,1.0
LcmOfyetmdQ,0,1,1.0,1.0
LenqxLARhmU,1,1,1.0,1.0
LhcB_CNrDAs,1,1,1.0,1.0
LmZp4qBz7iM,1,1,1.0,1.0
LoXsufqM_F8,1,1,1.0,1.0
LojsVeF3Oh8,1,1,1.0,1.0
Lq2taGJseak,1,1,1.0,1.0
LsYFZiJM94E,1,1,1.0,1.0
LtUx9edYcK0,0,1,1.0,1.0
LuYT9cqvlLU,1,1,1.0,1.0
LvR1RxAeb5E,1,1,1.0,1.0
LwRaOcBxkpc,1,1,1.0,1.0
LwpWRxF4qIs,0,1,1.0,1.0
LxgD4qSV8x8,1,1,1.0,1.0
M2xBfIJ91PE,1,1,1.0,1.0
M3KyTmE1o3w,0,1,1.0,1.0
M3RcLg9z3yY,0,1,1.0,1.0
M6UHqLtybjw,0,1,1.0,1.0
M7-FQ9W3K90,1,1,1.0,1.0
M8MJONzbuTA,1,1,1.0,1.0
MBKPrbzDPHQ,1,1,1.0,1.0
MCYI-CNecy4,1,1,0.0,1.0
MFy3IcBckKs,1,1,1.0,1.0
MNg3rM5HWoY,1,1,1.0,1.0
MOdmXje8BIc,1,1,1.0,1.0
MX6prLdUAZo,1,1,1.0,1.0
MYoqyu4Aq1k,1,1,1.0,1.0
McEpJ7Dm1Rw,1,1,1.0,1.0
MdCkEOEsWkY,1,1,1.0,1.0
MeNyXo8EqPA,1,1,0.0,1.0
MeiTjOOP-gA,1,1,1.0,1.0
Mk9bCyhLx5w,0,1,1.0,1.0
MmOc_I2Jyvk,1,1,1.0,1.0
MqObiZJFosc,1,1,1.0,1.0
MqzkuanJjRw,1,1,1.0,1.0
Msd2axIsOwo,1,1,1.0,1.0
Mu72saPZV6U,1,1,1.0,1.0
N-eKjFN-Clg,1,1,1.0,1.0
N1swXNqhP8A,1,1,1.0,1.0
N9FEXFBbPtU,1,1,1.0,1.0
NGfWLmppEsQ,1,1,1.0,1.0
NHpvynUquvc,1,1,1.0,1.0
NJKGAbSZr_s,1,1,1.0,1.0
NTCIbyoCQ6Q,1,1,0.0,1.0
NUHVS0BYyFw,1,1,1.0,1.0
NUdOOHy1p8w,1,1,1.0,1.0
NUvVPjmSASI,0,1,1.0,1.0
NV5Lh1QsoQE,1,1,1.0,1.0
NXSx9i6Og0E,1,1,1.0,1.0
NYtHV6TABlE,1,1,1.0,1.0
N_cr5hZrGBQ,1,1,1.0,1.0
NeqmyJ_TK2U,1,1,1.0,1.0
NiWllGlVeSk,1,1,1.0,1.0
NjGBk1DSv5Q,1,1,1.0,1.0
NoL_BvJCROQ,1,1,1.0,1.0
NqJHlaNWfOA,1,1,1.0,1.0
Ns8SHmyVMwU,1,1,1.0,1.0
O0CxSNd1zPs,0,1,1.0,1.0
O1eVLFX1CCc,0,1,1.0,1.0
O3lBpOQW-uA,1,1,1.0,1.0
O4hNpHv_tLg,1,1,1.0,1.0
O9NsmoRrcbw,0,1,1.0,1.0
OBBE0-gjYCc,1,1,1.0,1.0
ODQhe0VB5kg,1,1,1.0,1.0
ODTpqdM4WL8,1,1,1.0,1.0
OH-z58O9UYk,0,1,1.0,1.0
OIabcrqiNC0,1,1,1.0,1.0
OLJ3THbhYUM,0,1,1.0,1.0
OR8RpW5Wn34,1,1,1.0,1.0
ORBEw4FjMhA,1,1,1.0,1.0
OSo7y4Xhe3E,1,1,1.0,1.0
OTKzvngCZ28,1,1,0.0,1.0
OVk4YXwJp98,1,1,1.0,1.0
OWcJwXmUhuk,1,1,1.0,1.0
OWlBVcOP2kQ,1,1,1.0,1.0
OXZh64zcx5s,1,1,1.0,1.0
OY2-Kei2mds,0,1,0.0,1.0
Oh3S03t9VZ4,1,1,1.0,1.0
Om0U4_PM0Wg,1,1,1.0,1.0
OqzieBZoqKc,1,1,1.0,1.0
Ov7xYrPNd1U,1,1,1.0,1.0
P1MfH2QpCxQ,1,1,1.0,1.0
P2sQ_UkE_38,1,1,1.0,1.0
P3CavmnL-Nc,0,1,1.0,1.0
P5yuETMKLq0,1,1,1.0,1.0
P7JVmhcO5PQ,1,1,1.0,1.0
P9qRbWTr980,0,1,1.0,1.0
PBzMMGvy3ME,1,1,1.0,1.0
PEeCzXN24mQ,1,1,1.0,1.0
PFUB_AU78Lw,1,1,1.0,1.0
PFrw54njj48,1,1,1.0,1.0
PGXe0YkNFhc,1,1,1.0,1.0
PGcYgfmdAgI,1,1,1.0,1.0
PMFdAYHAMh0,0,1,1.0,1.0
POskT8R_3t4,1,1,1.0,1.0
PPlFZ9m7sRs,1,1,1.0,1.0
PTPIEyI50Ko,1,1,1.0,1.0
PTUg-OffnHg,1,1,1.0,1.0
PTkkfOkCwUY,1,1,1.0,1.0
PU-rPtYkkRg,1,1,1.0,1.0
PVausUaUOEc,1,1,1.0,1.0
PVdt0exsBwA,0,1,1.0,1.0
PY3vS0jF9d4,1,1,1.0,1.0
PYpGIl443b4,1,1,1.0,1.0
PcBSh4X2VsE,0,1,1.0,1.0
PcaBYJ8Hxy0,1,1,0.0,1.0
PdX4VA2dNMs,0,1,1.0,1.0
PeHf-_LFW58,0,1,1.0,1.0
PewFZWf-1OA,0,1,1.0,1.0
PhVSxGhH92s,0,1,1.0,1.0
PrE6DnQkjdk,0,1,1.0,1.0
PsEu3F5PnBM,1,1,1.0,1.0
PxALYSzud2s,1,1,1.0,1.0
PybtdiEjJHE,1,1,1.0,1.0
Pz-jET3Tgfc,1,1,1.0,1.0
PzI1haY_Q3M,0,1,1.0,1.0
Q-W704aZFAY,1,1,1.0,1.0
Q-Z8B92DQDI,1,1,1.0,1.0
Q19yW66Ec0c,1,1,1.0,1.0
Q3NIDPxv1FE,1,1,1.0,1.0
Q3pJwDD9xts,1,1,1.0,1.0
Q4vdkCf7Xwg,1,1,1.0,1.0
Q7AmST-zobk,0,1,1.0,1.0
Q7MEYaJRc1c,1,1,1.0,1.0
QBUYa64o_4A,0,1,1.0,1.0
QCe8XZqlGNg,1,1,1.0,1.0
QFuvgdNZn7w,1,1,1.0,1.0
QG52CnLXfG0,1,1,1.0,1.0
QLX6gfrwXK8,1,1,1.0,1.0
QLdIEi7IGl8,1,1,1.0,1.0
QLzRT5kWsPE,1,1,1.0,1.0
QNOM2D-8HTQ,1,1,1.0,1.0
QNtm5tKDT-s,1,1,1.0,1.0
QOFgIOCS2hE,1,1,1.0,1.0
QPGH2cP4WGQ,0,1,1.0,1.0
QQK1zR6rUX4,1,1,1.0,1.0
QR_xbxJoEFY,1,1,1.0,1.0
QTXUASOFP4c,1,1,1.0,1.0
QX_qo-yAEuo,1,1,1.0,1.0
QXalz5kCJKk,1,1,1.0,1.0
Qf7D8p-EAUU,0,1,1.0,1.0
QfDjjQ2f8HU,1,1,1.0,1.0
QfT1CWNRAhs,1,1,1.0,1.0
QfwftqDZ0Cs,1,1,1.0,1.0
QgZx0cblW6E,0,1,1.0,1.0
QiqQf4m_Quc,1,1,1.0,1.0
Qj9PWgQhME8,1,1,0.0,1.0
QlxVHNB98zM,1,1,1.0,1.0
QmvPGSmuUQg,0,1,1.0,1.0
QozgxjwrX6c,0,1,1.0,1.0
QpnUrMs9biQ,1,1,1.0,1.0
QpqHgJNIccc,1,1,1.0,1.0
Qu0HUsfzsmc,1,1,1.0,1.0
QvNgfCLwmYc,1,1,1.0,1.0
QwTMQQURcoQ,1,1,1.0,1.0
QxVLKER065w,0,1,1.0,1.0
R0Et_b-xQbo,1,1,1.0,1.0
R2Z468hFs_A,0,1,1.0,1.0
R6taKRmLw2g,0,1,1.0,1.0
R90c0spsgpw,1,1,1.0,1.0
REO7QameDRM,0,1,1.0,1.0
RGhu0jmi64I,1,1,1.0,1.0
RGu-4oON4LE,1,1,1.0,1.0
RKO_yn2GXK4,1,1,1.0,1.0
RNwmNoxMl7k,1,1,1.0,1.0
ROstH3irbws,1,1,1.0,1.0
RP7clFVsYsk,0,1,1.0,1.0
RSIeM8UvmII,1,1,1.0,1.0
RU1barytFxY,0,1,1.0,1.0
RUs1AVUzBP0,1,1,1.0,1.0
RX_wdC0SAA8,1,1,1.0,1.0
RXk8Yh_Fecc,1,1,1.0,1.0
RcyIgDT1eYk,0,1,1.0,1.0
RewGkXkOPto,0,1,1.0,1.0
RgXVbmUZmHk,1,1,1.0,1.0
Riuu_1EL75s,0,1,1.0,1.0
RpiwRRDU8Mg,1,1,1.0,1.0
RzVItPnUGg0,0,1,1.0,1.0
S-wyikxv7jw,1,1,1.0,1.0
S0NReOVUwOg,1,1,1.0,1.0
S1vxtWLZW40,1,1,1.0,1.0
S400x_NWsHw,1,1,1.0,1.0
S4EJSgXmOTU,1,1,1.0,1.0
S8BCExUiu6w,1,1,1.0,1.0
S8EUEQSxB7o,1,1,1.0,1.0
S9J_U8Hmtu8,0,1,1.0,1.0
S9TEsJ4etBE,0,1,1.0,1.0
SFrgUXWI6IU,0,1,1.0,1.0
SFzsGg_-fnQ,0,1,1.0,1.0
SHdlRVRYKJw,1,1,1.0,1.0
SKATSZD-zJ0,1,1,1.0,1.0
SL60lZ_Zn9k,1,1,1.0,1.0
SLfYIwQlfXQ,1,1,1.0,1.0
SNcbcu44LMo,1,1,1.0,1.0
SQ5ZUBj90V8,0,1,1.0,1.0
SSDEgu1ZSeE,1,1,1.0,1.0
SVym7iEvqgI,1,1,1.0,1.0
S_liXaLkTwk,1,1,1.0,1.0
SbU7imzshS0,1,1,1.0,1.0
SerorAMH4D4,1,1,1.0,1.0
SgjZdWPkHs0,0,1,1.0,1.0
ShLVlAiBGKI,1,1,1.0,1.0
ShkjWPws7sE,1,1,1.0,1.0
SjLTPqkdwEE,1,1,1.0,1.0
SkUSkQ-N26U,1,1,1.0,1.0
SlHROgv-iQw,1,1,1.0,1.0
Sm1OmVfUZ1E,1,1,0.0,1.0
Sp6736obyBg,1,1,0.0,1.0
Sq0_pr3-pXo,1,1,1.0,1.0
Sqm0D3iNXno,0,1,1.0,1.0
SuKGF6Fne3E,1,1,0.0,1.0
SvPxHFliDWU,1,1,1.0,1.0
Sw7S8z12VgE,1,1,1.0,1.0
SxJhxrfxOd8,1,1,1.0,1.0
SxqyJb4CI84,1,1,1.0,1.0
T-jRjQU_wN4,1,1,1.0,1.0
T1A6td-Ci0k,1,1,0.0,1.0
T3DuqqfHzJc,1,1,1.0,1.0
T9IuU6kiW5A,1,1,1.0,1.0
TA8jiJ-e7cc,0,1,1.0,1.0
TAB78Qc0tJQ,1,1,1.0,1.0
TBA9bks6G5s,1,1,1.0,1.0
TCCNNatgIMM,1,1,1.0,1.0
TGlbtCyHaps,1,1,1.0,1.0
TLlPaUAFnRY,0,1,1.0,1.0
TOR3KjXs9KM,1,1,1.0,1.0
TOSxmXVgyPs,1,1,1.0,1.0
TQe6fG94CdM,1,1,1.0,1.0
TRAD9Ds7UXU,0,1,1.0,1.0
TSO2HBrOta0,1,1,1.0,1.0
TXkVESiwts8,1,1,1.0,1.0
TZiYbgBFAYc,1,1,1.0,1.0
T_AhCMHz2cU,0,1,1.0,1.0
Tdb8Bu9NiA4,1,1,1.0,1.0
TiR0pUDxW_k,0,1,1.0,1.0
Tnj1DC9BJH4,1,1,1.0,1.0
TozxLuVzNGo,1,1,1.0,1.0
Tp8ulbGjexM,1,1,1.0,1.0
TrOIC3_T-U8,1,1,1.0,1.0
TrlHEjjQnzc,1,1,1.0,1.0
TuOhHWvjums,1,1,1.0,1.0
TyYdJ6nrGWw,1,1,1.0,1.0
U0UE68qHkGI,1,1,1.0,1.0
U2yNHKvfwiI,1,1,1.0,1.0
U3B8DyWPxlw,1,1,1.0,1.0
U3BRITHqZzo,1,1,1.0,1.0
U98DaBJVCIE,1,1,1.0,1.0
UBl2qwi0BGw,0,1,1.0,1.0
UCRHj8LV37A,1,1,1.0,1.0
UDxqRQpGtVc,1,1,1.0,1.0
UEwnXEnFqgc,1,1,1.0,1.0
UI4IuGg5wn4,1,1,1.0,1.0
UNG0CtUD-9w,1,1,0.0,1.0
UOjc-2v51rY,1,1,1.0,1.0
UPKdpcLMkT4,1,1,1.0,1.0
UW8Bk1DHZcA,1,1,1.0,1.0
UYRvqD8xL7U,1,1,1.0,1.0
U_5RozJZeUQ,1,1,1.0,1.0
UbMmk2VgYDU,1,1,0.0,1.0
Ue-zN79XHQE,1,1,1.0,1.0
Ue4zwT15NYU,0,1,1.0,1.0
UeNUBLVPvxg,1,1,1.0,1.0
Ug2W_p6Uhwg,1,1,1.0,1.0
UkR4Y7K9Hx8,1,1,0.0,1.0
UloLVGxzNt4,1,1,1.0,1.0
UmGeQUupMFk,1,1,1.0,1.0
UnrSkjbCHa4,0,1,1.0,1.0
UomslHm3KWY,1,1,1.0,1.0
UqMIcrNJ27Q,1,1,1.0,1.0
Uqg0B3qQzOE,1,1,1.0,1.0
Usz4oJyS29M,1,1,1.0,1.0
Ut2bapedGqQ,1,1,1.0,1.0
UtSG_Vok1vA,0,1,1.0,1.0
UxQQd3Qo1MQ,1,1,1.0,1.0
Uzh2zyf7ilk,0,1,1.0,1.0
V26Osvn0Yb8,1,1,0.0,1.0
V2n9XohqbIs,1,1,1.0,1.0
V3EZvOEtCIs,1,1,1.0,1.0
V73yAMoDBv4,1,1,1.0,1.0
V77pi2f8esk,1,1,1.0,1.0
V7UfP6zZ-EA,1,1,1.0,1.0
V87uqWrEt2I,0,1,1.0,1.0
VCHO9B1TtfY,1,1,1.0,1.0
VCRyqi5Vv84,0,1,0.0,1.0
VCsLUZ0VT_w,1,1,1.0,1.0
VDcQz0CLVHM,1,1,1.0,1.0
VH7NCjBFCEc,1,1,1.0,1.0
VIM2FV-zm90,1,1,1.0,1.0
VIqWscXjb7w,1,1,1.0,1.0
VPoqpeog2Wc,1,1,1.0,1.0
VV8JrW-VGuo,1,1,1.0,1.0
VVR60zcS9L4,1,1,1.0,1.0
VVw4K1CAfC8,1,1,1.0,1.0
VWubnkIHTEQ,0,1,1.0,1.0
VX1n7tY6F2E,1,1,1.0,1.0
VaSWYVW8Dts,1,1,1.0,1.0
VamIKPgN88Y,1,1,1.0,1.0
VbWzuBZRlQw,1,1,1.0,1.0
VdO40cCjoQw,1,1,1.0,1.0
Ve-ccjQ8EE8,1,1,1.0,1.0
VgUdS1CI7h4,1,1,1.0,1.0
VmMdsYC4-tc,1,1,1.0,1.0
VnP22uk1RCw,1,1,1.0,1.0
VougmcEBJ9w,1,1,1.0,1.0
VphCXPjTx8U,1,1,1.0,1.0
Vqzp1A9GYw8,1,1,1.0,1.0
Vr9PCS9VERQ,1,1,1.0,1.0
VrIxRfWDOm8,1,1,1.0,1.0
VrwVGMAD48o,1,1,1.0,1.0
W-UHoEhm2F8,1,1,1.0,1.0
W09QflAfup0,1,1,1.0,1.0
W0OmgjNRSIE,1,1,1.0,1.0
W5G1EQagZGg,1,1,1.0,1.0
W740hmEpkMs,1,1,1.0,1.0
W8bezLf7V3w,1,1,1.0,1.0
WA8yrVU-gEY,1,1,0.0,1.0
WCwhYBL6GHg,1,1,0.0,1.0
WDidg3_Onp0,1,1,1.0,1.0
WDqN_sMBccE,1,1,1.0,1.0
WFW1-UXGev8,1,1,1.0,1.0
WGa8albPYAU,1,1,1.0,1.0
WGgBMkqgT3U,1,1,1.0,1.0
WHP2jfMnotk,1,1,1.0,1.0
WHvIWcJQGaE,1,1,1.0,1.0
WI1vbFb4q8Y,1,1,1.0,1.0
WOG7QrZIfGk,1,1,1.0,1.0
WT0hnmg7yhs,1,1,1.0,1.0
WVBG9rFm-2M,0,1,1.0,1.0
W_ACVHQTYGE,1,1,1.0,1.0
WaFM1F9epmA,0,1,1.0,1.0
WbemBjviJ7I,1,1,1.0,1.0
WbhnC0Yz8Sw,1,1,1.0,1.0
WfF1VCjpso8,1,1,1.0,1.0
Wgp5HnumLbU,1,1,1.0,1.0
Wk1is8hDWZE,0,1,1.0,1.0
WmZ5DfgTmiQ,1,1,1.0,1.0
WqHXsxCdGXA,1,1,1.0,1.0
Wuhy1loWFRk,1,1,1.0,1.0
WwdB_EYfCXw,0,1,1.0,1.0
WyAFVjTrDlA,1,1,1.0,1.0
Wz50JRNvLgY,1,1,0.0,1.0
WzqfYW-a0-E,0,1,1.0,1.0
X0lbHVxdMXA,1,1,1.0,1.0
X0tFyuW7Tns,1,1,1.0,1.0
X1TNDxC5O_0,1,1,1.0,1.0
X2LY1h8tDU8,1,1,1.0,1.0
X3-6nrSZC64,1,1,1.0,1.0
X5iPatyvZc0,1,1,1.0,1.0
X755mvCm3ms,1,1,1.0,1.0
X8AzPJ90GQ0,0,1,1.0,1.0
XBE8AkDCUoY,1,1,1.0,1.0
XBe2Di1Z26Y,1,1,1.0,1.0
XF0pjsWwYj8,1,1,0.0,1.0
XFWAmyW7Tis,1,1,1.0,1.0
XHwfo2fVyWI,1,1,1.0,1.0
XJcpWPMXW1E,1,1,0.0,1.0
XLB0hqxhNLY,0,1,1.0,1.0
XOK6ODKS3jQ,0,1,1.0,1.0
XOj9QI_3-W4,1,1,1.0,1.0
XOmD1DLucQg,1,1,1.0,1.0
XPyvMKRMHDE,1,1,1.0,1.0
XRdF-i-Qlgo,1,1,0.0,1.0
XSOok6KDMAI,0,1,1.0,1.0
XSn6Cra_QAs,1,1,1.0,1.0
XUKnGMhkDKM,1,1,1.0,1.0
XUtsDA9x8ug,1,1,1.0,1.0
XYhMdVFZIn4,1,1,1.0,1.0
XbqBwaPeQLE,0,1,1.0,1.0
XgcFNAC_YZ4,0,1,1.0,1.0
XiDUrsRjqZM,1,1,0.0,1.0
XiQSuoAnS7Q,1,1,1.0,1.0
Xk3KuThHWFA,1,1,1.0,1.0
Xk9_bv8Dgfk,0,1,1.0,1.0
Xk_GelGgZvY,1,1,1.0,1.0
XlGulUnBqwk,1,1,0.0,1.0
Xmf4qv2lT-o,0,1,1.0,1.0
XnKjAqJNI9Q,1,1,1.0,1.0
XnTxiYNhp8g,1,1,1.0,1.0
Xo4DBer5rbY,0,1,1.0,1.0
Xsuvh6tCMUM,1,1,1.0,1.0
XszJGQzTb40,1,1,1.0,1.0
Xv3NX1p5Oa8,1,1,1.0,1.0
Xvxu3D8bwtU,1,1,1.0,1.0
Xxe5_bduPoQ,1,1,1.0,1.0
Y0ACcA3U6c8,1,1,1.0,1.0
Y0__k58wwyk,1,1,1.0,1.0
Y0pu63ruzrA,1,1,1.0,1.0
Y2ABKOJkVz0,1,1,1.0,1.0
Y38TlnYc7Us,1,1,1.0,1.0
Y3zbUgvBHIQ,1,1,1.0,1.0
Y3zoxc5bzB4,1,1,1.0,1.0
Y4QwMpLaqJY,0,1,1.0,1.0
YAdBzoC0ubA,1,1,1.0,1.0
YC08dBi0B3w,1,1,1.0,1.0
YCQD5T_uOv0,1,1,1.0,1.0
YDKO2pC5B_U,1,1,1.0,1.0
YHweeD5Fo60,1,1,0.0,1.0
YKPaP2YVPSU,1,1,1.0,1.0
YKaxzWAPUkY,0,1,1.0,1.0
YKesLS2j2WU,1,1,1.0,1.0
YNe2uHgfeZs,1,1,1.0,1.0
YQEAwTFytRo,1,1,1.0,1.0
YQllW2v1eUs,1,1,1.0,1.0
YRVtlqNhFgA,1,1,1.0,1.0
YSdcmdTy4RA,1,1,1.0,1.0
YUwhlxbA6rM,1,1,1.0,1.0
YV9Wl3ialB0,1,1,1.0,1.0
YVesMZ53WvM,1,1,1.0,1.0
YXzNiTcMUk4,1,1,1.0,1.0
YZ6G_ubc7BQ,1,1,1.0,1.0
Y_bDvmxlFBk,1,1,1.0,1.0
YaEg5HLEnP4,0,1,1.0,1.0
YbfeLTjMpdg,1,1,1.0,1.0
YjYEsfJI0kU,0,1,1.0,1.0
YkA2bdnM5n8,1,1,1.0,1.0
Yn8acPibhc8,1,1,1.0,1.0
YtGsEdhM9qk,1,1,1.0,1.0
Yw6iNBV2zKI,0,1,1.0,1.0
Z1KAFKngyaY,1,1,1.0,1.0
Z3UXcpT3egc,1,1,1.0,1.0
Z6Dqr2PFmGc,1,1,1.0,1.0
Z7Q0JzbZeVg,1,1,1.0,1.0
Z97XIXaEBko,1,1,1.0,1.0
ZJdb_gYtbxs,1,1,1.0,1.0
ZKoYGNEgrBk,1,1,1.0,1.0
ZMXne0hkako,1,1,1.0,1.0
ZOp4fnBe9Rc,0,1,1.0,1.0
ZQMPrAzm-7o,1,1,1.0,1.0
ZQnmdNIDEFA,1,1,1.0,1.0
ZRwgrSWy3Mw,1,1,1.0,1.0
ZXy747Diy88,1,1,1.0,1.0
ZYTmxypIYmg,1,1,1.0,1.0
ZYgKKFBtDqc,1,1,1.0,1.0
ZZs2YLfzJhs,1,1,0.0,1.0
Zag8OJlZurM,1,1,1.0,1.0
ZdZ19RIZeZE,0,1,1.0,1.0
ZgiWEAsHlGY,1,1,1.0,1.0
ZhQABXf6BdY,1,1,1.0,1.0
Zl-EnGKb0JE,1,1,1.0,1.0
ZmeclSDnesQ,0,1,1.0,1.0
ZmvpFiaKAWY,1,1,1.0,1.0
Zn9dr0Fmmsk,1,1,0.0,1.0
ZruVB0R5sZ0,1,1,1.0,1.0
ZyI-QNFT1EM,1,1,1.0,1.0
_-UfjVkZE1Y,1,1,1.0,1.0
_-oFcktN1vQ,0,1,1.0,1.0
_1BMWXUkw4k,1,1,1.0,1.0
_23bzrxbiSs,1,1,1.0,1.0
_6eyXBf2gkc,1,1,1.0,1.0
_7sAhQQmyX0,0,1,1.0,1.0
_ANuVnxTUJ8,1,1,1.0,1.0
_BN7SRzpSJE,1,1,1.0,1.0
_D0wHa7h5r4,1,1,1.0,1.0
_DeZLJVuWwg,1,1,1.0,1.0
_FVpZ9zucRI,1,1,1.0,1.0
_G9L_4Ya9KA,1,1,1.0,1.0
_GSS0ymIBLk,0,1,1.0,1.0
_IynkNO0dkE,1,1,1.0,1.0
_MOQHBqNNAw,0,1,1.0,1.0
_Mu03-Iw6a4,0,1,1.0,1.0
_ThKl9iS0T8,1,1,1.0,1.0
_UWP-zo6ts0,1,1,1.0,1.0
_UjCq64_WrA,1,1,0.0,1.0
_VjFcFNunoE,1,1,1.0,1.0
_YCL2DQWs4M,1,1,1.0,1.0
_YthNikZjaY,1,1,1.0,1.0
_ZNlepuqh7I,1,1,1.0,1.0
_aLlYwGVVo4,1,1,1.0,1.0
_azwDRYItok,1,1,1.0,1.0
_cYpMSYc1o0,0,1,0.0,1.0
_eO81Aw2I2I,1,1,1.0,1.0
_ekEMAEaJMc,1,1,1.0,1.0
_gdaO4cu9OE,1,1,1.0,1.0
_guUEhb6GvY,0,1,1.0,1.0
_h8E92t80L4,1,1,1.0,1.0
_hf6ifp_aDs,1,1,1.0,1.0
_hg0OdMXyvU,1,1,1.0,1.0
_kEoo15YIQk,1,1,1.0,1.0
_kdv1a1Ep44,1,1,0.0,1.0
_nOWIXUiB2s,1,1,1.0,1.0
_pI6qOLsF1w,1,1,1.0,1.0
_qPfVwBAPC8,1,1,1.0,1.0
_rMLpAFhm7E,0,1,1.0,1.0
a3WGt0il-Jo,1,1,1.0,1.0
a3_D5cM_nUQ,1,1,1.0,1.0
a4TfHNAxzYU,1,1,1.0,1.0
a4r2xgYQ4Gw,0,1,1.0,1.0
a8AiZy9s5Uo,1,1,1.0,1.0
a8RDH7FhYJo,1,1,1.0,1.0
a9_SPNd71H4,1,1,1.0,1.0
aCiBAKptNnA,1,1,1.0,1.0
aDacxSZ5tZc,1,1,1.0,1.0
aEpxwapu7O4,0,1,1.0,1.0
aEwhaAvmpqs,1,1,1.0,1.0
aH0-_BYHQtY,1,1,1.0,1.0
aJPZkrHSfsU,1,1,1.0,1.0
aL1wROtw1Qk,1,1,1.0,1.0
aMkKyBHYqu0,1,1,1.0,1.0
aOCMFBzEs9o,1,1,1.0,1.0
aR3neIXc9V8,1,1,1.0,1.0
aSLcq2HuHzE,0,1,1.0,1.0
aY6UzBkzieU,1,1,1.0,1.0
aZFU-vWp0Ts,1,1,1.0,1.0
a_fQxBtXwVs,1,1,1.0,1.0
aenmQ-Jcfas,0,1,1.0,1.0
agKITfae-vw,0,1,1.0,1.0
ahQ7Fu7oFcA,1,1,1.0,1.0
akKsSj4j21o,1,1,1.0,1.0
akO5xf0YWnw,1,1,1.0,1.0
alkXg3HJFOM,1,1,1.0,1.0
anPLjCTWO_Y,1,1,1.0,1.0
apC6XI2OfWk,1,1,1.0,1.0
apf2yQ6AB4E,1,1,1.0,1.0
aqWHMnciM5Q,1,1,1.0,1.0
at4XTk8986k,1,1,1.0,1.0
b-rUUzE1tzQ,1,1,1.0,1.0
b2edo_scIpI,1,1,1.0,1.0
b6Qjmv7l8Z8,0,1,1.0,1.0
b8Q_clc0FnQ,1,1,0.0,1.0
b9CMn7YFNxo,1,1,1.0,1.0
b9D1gqaFTcs,0,1,1.0,1.0
b9gcPed7ojU,1,1,1.0,1.0
bA4TtCL2E2A,1,1,1.0,1.0
bAgJqcsEK2A,0,1,1.0,1.0
bCrWG2C3MjQ,1,1,1.0,1.0
bNEvTFtY2r8,1,1,1.0,1.0
bNsW80_Q9DQ,1,1,1.0,1.0
bRlS75AaBxI,1,1,1.0,1.0
bUfG4WMEP_Q,1,1,1.0,1.0
bUz0VdBOPQM,1,1,1.0,1.0
bXSV7eMZYic,1,1,1.0,1.0
b_txypQJuRU,1,1,0.0,1.0
bgDJ3wxnoHI,1,1,1.0,1.0
biGuwQhuAsk,1,1,1.0,1.0
bm-O6ODC15I,1,1,1.0,1.0
bmIzCu2FMHU,1,1,1.0,1.0
bmNYe2zVoLo,1,1,1.0,1.0
bnKi-aNJHkM,1,1,0.0,1.0
booeCNO8NKY,0,1,1.0,1.0
bqFjjmmdjSY,1,1,1.0,1.0
bqkquNb5Z8A,1,1,1.0,1.0
braFMh1nvuk,1,1,1.0,1.0
brhAUUgjG1Q,1,1,0.0,1.0
brt92Qj1EFc,1,1,1.0,1.0
btC4-2DGkwY,1,1,1.0,1.0
bw-oAZAg0jU,1,1,1.0,1.0
bzzqfoA9WU4,1,1,1.0,1.0
c-lXlaZn8do,1,1,1.0,1.0
c2t6VMGUfWU,1,1,1.0,1.0
c3d7dzmYY2A,1,1,1.0,1.0
c4Lcq9siq1I,1,1,1.0,1.0
c4UZPrBrkvo,0,1,1.0,1.0
c6eOVapEk9I,1,1,1.0,1.0
c7KhqR1hlWw,1,1,1.0,1.0
c8XelvkcLIM,0,1,1.0,1.0
cBbwWg5kqFM,1,1,1.0,1.0
cBgvxv8dCI0,1,1,1.0,1.0
cComQ8cbixY,0,1,1.0,1.0
cCpWBFsSzXY,1,1,1.0,1.0
cCpimjQzd1Y,1,1,1.0,1.0
cDW1l-g4N8g,1,1,1.0,1.0
cDyZqpoRui0,0,1,1.0,1.0
cJchN5xChFo,1,1,1.0,1.0
cKQNtDMeOek,1,1,1.0,1.0
cLEbL7JbVQI,1,1,1.0,1.0
cMFFneqvhm8,1,1,1.0,1.0
cQpfEe3gb-8,0,1,1.0,1.0
cQxD_bpFZNI,1,1,1.0,1.0
cTjpk2XwSNc,1,1,0.0,1.0
cTvjy-1Uzok,1,1,1.0,1.0
cUqYnlOxMLs,1,1,1.0,1.0
cXU93UolNpc,1,1,1.0,1.0
cYAc-HqBgmo,1,1,1.0,1.0
ccIN6134AEo,1,1,1.0,1.0
ccI_3nmQvkg,1,1,1.0,1.0
cdVvu9eIAeo,1,1,1.0,1.0
ceL8jA0y3I8,1,1,0.0,1.0
ceUW5aIh4b0,1,1,1.0,1.0
ceX9osV57Pc,1,1,1.0,1.0
ceg5XdjWgE8,1,1,1.0,1.0
cgKj3iK_6UA,1,1,1.0,1.0
cgUed2zDJXs,1,1,0.0,1.0
cibyGjzyYNk,1,1,1.0,1.0
cmHFvywuC0k,1,1,1.0,1.0
cp9XZ-HxZs0,0,1,1.0,1.0
crIsjsu0FNw,1,1,0.0,1.0
cuKPRygRgDQ,1,1,1.0,1.0
d0xbZnf98JA,1,1,1.0,1.0
d12zpEwTaJM,1,1,1.0,1.0
d1BxnCd7NFU,1,1,1.0,1.0
d4AwqixONAQ,1,1,1.0,1.0
d7ClcGL308c,1,1,1.0,1.0
d8tyM-xBGxY,1,1,1.0,1.0
dAC9KYuNbtg,1,1,1.0,1.0
dANjE8Z6mbw,1,1,0.0,1.0
dAT69yP0IT0,1,1,1.0,1.0
dCTzM-9_-nI,1,1,1.0,1.0
dK_eztfhgPo,1,1,1.0,1.0
dRTsa5FJDHg,1,1,1.0,1.0
dVdKV9qW2wc,1,1,1.0,1.0
dZYwuIwcIZE,1,1,1.0,1.0
d_WeYz91yWc,0,1,0.0,1.0
dbnb1yFRdso,1,1,0.0,1.0
dcbekI8JwgE,0,1,1.0,1.0
deBe6HV91js,1,1,1.0,1.0
deq9hflAr1g,1,1,1.0,1.0
dfTkvCaznwI,1,1,1.0,1.0
dhgeCc0JWYw,1,1,1.0,1.0
di_ldepUXtQ,1,1,1.0,1.0
dir8mxyMZ58,1,1,1.0,1.0
dj6NeJXHsNE,1,1,1.0,1.0
djUlmp1yGiY,1,1,1.0,1.0
dl7Bz8LMe8s,0,1,1.0,1.0
dnzdkcByXKo,0,1,1.0,1.0
doQp8QkKyGI,1,1,1.0,1.0
ds-6u3sSui0,1,1,1.0,1.0
du2VJf_JOW8,0,1,1.0,1.0
dxdJIm82dEI,1,1,1.0,1.0
dyOfe7Rljsw,1,1,1.0,1.0
dybUTrz40tg,1,1,1.0,1.0
e2-7Cp3KeLI,1,1,1.0,1.0
e24G8B2ho_o,1,1,1.0,1.0
e2FZzDuDRzw,1,1,1.0,1.0
e2ZskzdpTQc,1,1,1.0,1.0
e40rMLnB80o,1,1,1.0,1.0
e6SRF_2D2ns,1,1,1.0,1.0
eBPSwIYsiqM,1,1,1.0,1.0
eD_m2dVnjqk,1,1,1.0,1.0
eDmlWAaDxVg,1,1,1.0,1.0
eE7unt4DokQ,1,1,1.0,1.0
eIBcF1cbMyc,1,1,1.0,1.0
eJ14QxkaKsk,1,1,1.0,1.0
eJCs_Rax0zY,1,1,1.0,1.0
eJF7a7UeHM8,1,1,1.0,1.0
eKTw1JfM17o,1,1,1.0,1.0
eKWn2dabYWQ,1,1,1.0,1.0
eLA2UsvMbW4,0,1,1.0,1.0
eLLae4MIEM8,0,1,1.0,1.0
eLhXzaVHgDM,1,1,1.0,1.0
eNsLjk2fJxc,1,1,1.0,1.0
eOLR2ldIblE,1,1,1.0,1.0
ePBaE4PR-38,1,1,1.0,1.0
ePlYxTJ3w3Q,1,1,1.0,1.0
e_6-QGoeDDc,1,1,1.0,1.0
eevYyHrXEsk,1,1,1.0,1.0
efHGDPWvols,1,1,1.0,1.0
eghTSSF8akQ,1,1,1.0,1.0
ehFU93Mhfmk,0,1,1.0,1.0
en7FrDfQOco,1,1,1.0,1.0
eoKUuwJnkBo,1,1,1.0,1.0
eoRauYjvl6s,1,1,1.0,1.0
esZMkvNBgsk,1,1,1.0,1.0
evRqX1EdSnM,1,1,1.0,1.0
ezBg1vX0Ozg,0,1,1.0,1.0
f-cjbyoWhA4,1,1,1.0,1.0
f0_5NUMuqSE,1,1,1.0,1.0
f3Q9aW2HmIo,1,1,1.0,1.0
f3aEWI-2Ykw,1,1,1.0,1.0
f3zS9TlYLUI,1,1,1.0,1.0
f4bW9exS6vY,1,1,1.0,1.0
fBHW2ZjFOGg,1,1,1.0,1.0
fC-UdptaLLY,1,1,1.0,1.0
fC541Rsi7rk,1,1,1.0,1.0
fD6S4DDE7Ak,1,1,1.0,1.0
fES8U8zn-Z0,1,1,1.0,1.0
fFb68ZuG4OY,1,1,1.0,1.0
fIiW9exOf2w,1,1,1.0,1.0
fIx85pw7TH8,1,1,1.0,1.0
fIzPJ2zuthM,1,1,1.0,1.0
fIzS4dNgfkM,1,1,1.0,1.0
fLOvKDYtvc0,0,1,1.0,1.0
fLxi3xJTvQs,1,1,1.0,1.0
fNqvbdmTwt4,1,1,1.0,1.0
fPRbE9IShhI,1,1,1.0,1.0
fPxb3U6IYa4,0,1,1.0,1.0
fYrh4--Z65I,0,1,1.0,1.0
fZA_-kxJB0I,1,1,1.0,1.0
fdk3j7s3wnw,1,1,1.0,1.0
fe2aFYdxYUY,1,1,1.0,1.0
ffNiaeZQiWg,1,1,1.0,1.0
ffe1PKuwM9Q,1,1,1.0,1.0
fgpgvRpNO04,0,1,1.0,1.0
fhFMG1M4o9M,1,1,1.0,1.0
fiEzw1ECNnU,1,1,1.0,1.0
fm2fxqrxz18,1,1,1.0,1.0
fmwIrhN9Cmc,1,1,1.0,1.0
fol7E4bQFMQ,1,1,1.0,1.0
fquiIxZgk4s,1,1,1.0,1.0
fvMYt_aX6iY,1,1,1.0,1.0
fy4FGcpt_ys,1,1,1.0,1.0
fzeWo4k58hA,1,1,1.0,1.0
g15CNyfrHFY,1,1,1.0,1.0
g25kuBQhxlY,1,1,1.0,1.0
g2RT7E12rnU,1,1,1.0,1.0
g2ZUZ5nbabs,1,1,1.0,1.0
g6SglctYqh0,1,1,1.0,1.0
g7OYkyGYdJI,1,1,0.0,1.0
g7QWHcXk5r8,1,1,1.0,1.0
g7bHx5OVP2k,1,1,1.0,1.0
g8phP14ysTY,1,1,1.0,1.0
g936cLC7qE8,1,1,1.0,1.0
g9m0qNp71ec,1,1,1.0,1.0
gGZ-tS6Ih4g,1,1,1.0,1.0
gJ4Q5hO1g7M,1,1,1.0,1.0
gLicdpbYEAs,1,1,1.0,1.0
gOuSLw0yt5Y,1,1,1.0,1.0
gQS_OEcgN8E,0,1,1.0,1.0
gSOEle-vb3Y,1,1,1.0,1.0
gY060n5FcH0,1,1,1.0,1.0
gZRhcie__dQ,1,1,0.0,1.0
gZruWtIqUY0,0,1,0.0,1.0
g_FrWKCisDk,0,1,1.0,1.0
g_hLjh6Iia4,1,1,1.0,1.0
gb0gwJV1kY8,1,1,1.0,1.0
gbnYnCb9p0w,1,1,1.0,1.0
gc0tTWagc0s,1,1,1.0,1.0
ggug7D_Pz3A,1,1,1.0,1.0
gpTuKeclIWo,1,1,1.0,1.0
gs1DWrXxp7Y,1,1,1.0,1.0
gtPXHMa1QG8,0,1,1.0,1.0
guV2fPWwYoA,1,1,1.0,1.0
gusncb4G2Hk,1,1,1.0,1.0
gutRhgx8yQo,1,1,1.0,1.0
gxJg1E_w0dc,1,1,1.0,1.0
gz2eOc5R3SM,1,1,1.0,1.0
h0QvdG8oKUo,1,1,1.0,1.0
h1yZnI6RboU,0,1,1.0,1.0
h23yA4vs37s,0,1,1.0,1.0
h3jfQGH9U0Y,0,1,1.0,1.0
h88TXd2B-SU,1,1,1.0,1.0
h8XjBVpItwU,0,1,1.0,1.0
hEWzGcYHjJA,0,1,1.0,1.0
hEau4q34SNs,1,1,0.0,1.0
hIVY_2VvjeA,1,1,0.0,1.0
hIue8HkdWQM,1,1,1.0,1.0
hMmQilp-XA0,1,1,1.0,1.0
hOsXrUg9laU,0,1,1.0,1.0
hR9ekE3zk6E,1,1,1.0,1.0
hVgcSIwDglw,1,1,1.0,1.0
hWDn4YR_7eE,1,1,1.0,1.0
hYEsn973PgY,1,1,1.0,1.0
hZZg-tX5Fro,1,1,1.0,1.0
haRAXu-kZB8,1,1,1.0,1.0
hbrFLzbVFTA,0,1,1.0,1.0
hcNH6Qfu6YE,0,1,1.0,1.0
hcxOtu0Vuyk,1,1,1.0,1.0
hl8iEcnyEek,1,1,1.0,1.0
hmSCH5jvPYw,1,1,1.0,1.0
hmtG0ncFM2o,0,1,1.0,1.0
hnkXpgLF4n4,1,1,0.0,1.0
hsgQ_oZP_VM,1,1,1.0,1.0
hvUoPfUY5ao,1,1,1.0,1.0
hww7yrz9Puk,1,1,1.0,1.0
hzJlNXJLxWc,1,1,1.0,1.0
i1CoiIdbVbE,1,1,1.0,1.0
i1I_Oxmm9Fs,1,1,0.0,1.0
i1QeI9C1w9Y,1,1,0.0,1.0
i4tMkjl0uwI,0,1,1.0,1.0
iEth2-tjhjY,1,1,1.0,1.0
iFILua3E6Zg,1,1,1.0,1.0
iKecm-NLRJI,0,1,1.0,1.0
iNbwIn5vOEQ,1,1,1.0,1.0
iP4kaR8wtE4,1,1,1.0,1.0
iSdhV5aMGd4,1,1,1.0,1.0
iT14SR2Obs0,1,1,1.0,1.0
iU757PQrmVk,1,1,1.0,1.0
iWDH0psBCJo,1,1,1.0,1.0
iY8OJB32uT4,1,1,1.0,1.0
ide3ADAjKzA,1,1,1.0,1.0
igCTRbIFh0U,1,1,1.0,1.0
ihII4GKzxE0,1,1,1.0,1.0
ihUxhJGvnWM,1,1,1.0,1.0
ikvRXIfR80Y,1,1,1.0,1.0
inKXLBMQlHE,0,1,1.0,1.0
iqM7j_khPro,1,1,0.0,1.0
isXPGOMIEpg,0,1,0.0,1.0
iwPdIcv4R8U,1,1,1.0,1.0
iyT00P2BR_M,1,1,0.0,1.0
iynOzdIx_Xc,1,1,1.0,1.0
j-DtknJnoEg,0,1,1.0,1.0
j29MTjf8bJQ,1,1,1.0,1.0
j3t5nFnTULQ,1,1,1.0,1.0
j4HEaSFrjT4,0,1,1.0,1.0
j4KlPzmJ_9Y,1,1,1.0,1.0
j6cPQB3h_GU,1,1,1.0,1.0
jFDNWz0lfN0,1,1,1.0,1.0
jFTZ3iEWDYk,1,1,1.0,1.0
jI16XVwxsX0,1,1,1.0,1.0
jIfo9a8dmNA,1,1,1.0,1.0
jJfYjFQ5wvM,0,1,1.0,1.0
jKFv4-tHHUs,1,1,1.0,1.0
jKu3EnRyMlE,1,1,0.0,1.0
jMobXLwZARU,1,1,0.0,1.0
jQUbgcBjDDY,0,1,1.0,1.0
jQc-Fd07WSo,1,1,1.0,1.0
jSMEktkyAFs,1,1,1.0,1.0
jTGtmTY0KPs,0,1,1.0,1.0
jYUj8ZVNO3A,1,1,1.0,1.0
jdShUNBaeLc,1,1,1.0,1.0
jhu6OI9AWgY,0,1,1.0,1.0
ji_FWub99PA,0,1,0.0,1.0
joQGSOx0sME,1,1,1.0,1.0
jq-_7hyIEZ0,1,1,1.0,1.0
jqo2i_iE-RA,0,1,1.0,1.0
ju0OfsPBjtg,1,1,1.0,1.0
jxPQ5gaG6wQ,1,1,1.0,1.0
k0QBfCfrkb0,1,1,0.0,1.0
k2yLsjspxN4,1,1,1.0,1.0
k32QBKhK3SI,0,1,1.0,1.0
k5XsfMv5Pz0,1,1,1.0,1.0
kAPlNsy-CJ0,1,1,1.0,1.0
kBIxxUPiGxE,1,1,1.0,1.0
kC5lnwxHH1o,1,1,1.0,1.0
kHkp1SQKBJQ,1,1,1.0,1.0
kIqpOtzogfg,0,1,1.0,1.0
kKA3Wjh6WsQ,1,1,1.0,1.0
kLuuo9Yymnc,1,1,1.0,1.0
kNkqR1ObKLY,1,1,1.0,1.0
kQ9xD7ZARJk,1,1,1.0,1.0
kUBQZZS6Bfk,1,1,1.0,1.0
kUnK7Rd5EEU,0,1,1.0,1.0
kVuEjXojqrA,1,1,1.0,1.0
kVx_Ww9ssBE,1,1,1.0,1.0
kWFZZsIEE9M,1,1,1.0,1.0
kZZ0qnRUpyw,1,1,1.0,1.0
kZdKCWCytTc,1,1,0.0,1.0
kbJS4zEQ9bs,1,1,1.0,1.0
kbiJzdALB8M,1,1,1.0,1.0
kdfBpm8rwyU,1,1,1.0,1.0
ke0BMw75oN4,1,1,1.0,1.0
keQgMdhp9cQ,1,1,1.0,1.0
kfgZ0TK6vwM,1,1,1.0,1.0
kkalPNn2qGw,0,1,1.0,1.0
kmxmYldNeyI,1,1,1.0,1.0
knUgPUc-mtM,1,1,1.0,1.0
kpFZji9qHqU,1,1,1.0,1.0
krxCR7wt50Y,1,1,1.0,1.0
kspzJlE0fko,0,1,1.0,1.0
ku2cm72SvfI,1,1,1.0,1.0
kv8-Acay5YY,0,1,1.0,1.0
kyaQYIuzm_k,1,1,1.0,1.0
l--agdcsR0I,1,1,1.0,1.0
l0fENCO74KA,0,1,1.0,1.0
l3DxH4gVvWs,1,1,1.0,1.0
l5MNmKJtCJA,1,1,1.0,1.0
l7uEbtKpN7s,1,1,1.0,1.0
lD6HJ-xGB48,1,1,1.0,1.0
lDODENmsuog,1,1,1.0,1.0
lJzp4hAe2Fw,1,1,1.0,1.0
lLNlKzFOk0g,1,1,1.0,1.0
lP3lbWYgzWY,1,1,1.0,1.0
lRvkg5skHRo,1,1,1.0,1.0
la_g3rjwd-g,0,1,1.0,1.0
leTF-FRI434,1,1,1.0,1.0
lfNXTGD0SeU,1,1,0.0,1.0
lfRIozS_h9E,1,1,1.0,1.0
llFHgRuFuTw,1,1,1.0,1.0
ln69iJGFong,0,1,1.0,1.0
lnRLsPNrEdw,1,1,1.0,1.0
lqNqJyOtEr0,1,1,1.0,1.0
lsCbw4bbb6s,0,1,1.0,1.0
ltf9IGjGJos,1,1,0.0,1.0
ltlbGQPq89k,1,1,1.0,1.0
lvKBxaOpOHs,1,1,1.0,1.0
m0gwFLSpSCU,1,1,0.0,1.0
m0y4hLA8Zec,1,1,1.0,1.0
m1k2k6Q--J8,1,1,0.0,1.0
m1nd3zhnMgs,1,1,1.0,1.0
m32nueJjIeU,1,1,1.0,1.0
m3MebGrtoj0,1,1,1.0,1.0
m40JLvX5u3s,1,1,0.0,1.0
m4M2gvayUCY,0,1,1.0,1.0
m7w0PsGiz3w,1,1,1.0,1.0
m8_voizePDQ,1,1,1.0,1.0
mB2ltH0MlKM,1,1,0.0,1.0
mDbMxIybx84,1,1,1.0,1.0
mFKvBeWsDzc,1,1,1.0,1.0
mH-_fDRScpI,1,1,1.0,1.0
mHRJzSSTJWk,1,1,1.0,1.0
mImRavHbomg,1,1,1.0,1.0
mKEHbyzjxnU,1,1,1.0,1.0
mM-73BNm-lk,1,1,1.0,1.0
mN2C1tKseLQ,1,1,1.0,1.0
mSY4kKVe5pQ,1,1,1.0,1.0
mS_xYFWDa8M,0,1,1.0,1.0
mSeblARXJ7U,0,1,1.0,1.0
mTr_VCwUK8s,1,1,1.0,1.0
mUHXXeYUX_A,1,1,1.0,1.0
mUnmuB2X7pI,1,1,0.0,1.0
mVKoNKP5zUk,1,1,1.0,1.0
mWiTgXHwuJI,1,1,1.0,1.0
mYTKDineB5k,1,1,1.0,1.0
mZPu52zlrpI,1,1,1.0,1.0
mbgAG9Qpbz0,1,1,1.0,1.0
mbkuWmBI5ik,0,1,1.0,1.0
mdXTf-seIYU,1,1,1.0,1.0
mioatMDYVew,1,1,1.0,1.0
mks84XYGzWQ,1,1,1.0,1.0
mo6R0BY--F4,1,1,1.0,1.0
moTpKU0fEKU,1,1,1.0,1.0
mqef5Jqjrfo,1,1,1.0,1.0
mr2Povf2Dhs,1,1,1.0,1.0
mrMZWoy0OJs,1,1,1.0,1.0
mrzhpcauJ4s,1,1,1.0,1.0
msEpbc-iG0c,1,1,1.0,1.0
myoLz-N71U4,1,1,1.0,1.0
mz1gtgZ_rOg,1,1,1.0,1.0
n0aYj8fnqUw,1,1,0.0,1.0
n2flQv5UZVs,1,1,1.0,1.0
n7A2uQhrOB8,1,1,1.0,1.0
n8skoBVca38,1,1,1.0,1.0
nC2vXbWYGGE,1,1,1.0,1.0
nClKe9M3CKw,1,1,1.0,1.0
nGaR7u_LRxo,1,1,1.0,1.0
nI2c-d3skFw,0,1,1.0,1.0
nJa_sYU2GSA,1,1,1.0,1.0
nK3kUM3zQjw,0,1,0.0,1.0
nNhIivlMhFI,1,1,1.0,1.0
nTe60stNjHM,1,1,1.0,1.0
n_bwwxGH9Bw,0,1,1.0,1.0
naNE1XQsGDM,1,1,1.0,1.0
nakb7Jjuxwg,0,1,1.0,1.0
nawJ3wQUuDM,1,1,1.0,1.0
nesk2NaNSfw,0,1,1.0,1.0
niRTFVom1EE,1,1,1.0,1.0
njmpa_Z_rJs,1,1,1.0,1.0
njx7yw0uS9c,1,1,1.0,1.0
nm9I5cz2uQQ,1,1,1.0,1.0
noBv58QoAJo,1,1,1.0,1.0
noPInsSVYMU,0,1,1.0,1.0
noypViDJ5WI,1,1,1.0,1.0
nqlY-Vc0kno,1,1,1.0,1.0
nrN3RoctiF8,1,1,1.0,1.0
nrberl9cddU,0,1,1.0,1.0
nsimm-zLZcs,1,1,1.0,1.0
nt23y9IhnAE,0,1,1.0,1.0
nz5xGubxjOM,0,1,1.0,1.0
o-Kvlxyj43I,1,1,1.0,1.0
o4FBN9rqxDA,0,1,1.0,1.0
o4d-HKnLnOQ,0,1,1.0,1.0
o4zf5GK_xj0,0,1,1.0,1.0
o72e6TBzu8E,1,1,1.0,1.0
oDSInV7HlA4,1,1,0.0,1.0
oFYX05sfmGk,1,1,1.0,1.0
oHfXYFDXk40,1,1,1.0,1.0
oHh6zwtmpYw,1,1,1.0,1.0
oKQNiKU69qM,1,1,1.0,1.0
oMimcciFDr4,1,1,1.0,1.0
oNSWObWncA8,1,1,0.0,1.0
oNr40ajykIs,1,1,0.0,1.0
oS9To0WeSoI,1,1,1.0,1.0
oXBT0uIdjU4,1,1,1.0,1.0
oZPANn1S0oo,1,1,1.0,1.0
oaLDD3Ggus4,1,1,1.0,1.0
obQdKlTg9IU,1,1,1.0,1.0
ogYXxFmt6ro,0,1,1.0,1.0
oi3nd2llhHM,1,1,0.0,1.0
oj2xlp7a55c,1,1,1.0,1.0
oj7ynfHNl4A,1,1,1.0,1.0
ojK3ND-vOO4,1,1,0.0,1.0
ojpVFlkMUnA,1,1,1.0,1.0
olShnT7Oyo0,1,1,0.0,1.0
ood9znmcap8,1,1,1.0,1.0
osdITKClWmk,0,1,1.0,1.0
oucaQ0NW6SI,1,1,0.0,1.0
ozeKt1pkcyY,0,1,1.0,1.0
p-jCVMlIfHE,1,1,1.0,1.0
p1IS4UGEiCI,1,1,1.0,1.0
p1oK5GyVakE,1,1,1.0,1.0
p2TQkdgZPB8,1,1,1.0,1.0
p2yOZveRKhA,1,1,1.0,1.0
p3xNrlp2y30,1,1,1.0,1.0
p6MpAi_n73U,1,1,1.0,1.0
p7XaXR5vgHU,1,1,0.0,1.0
pBJ2HpHncOo,1,1,1.0,1.0
pBn4tCeI4tA,1,1,0.0,1.0
pDCUzL8EktQ,1,1,1.0,1.0
pDeQhVrQMeo,1,1,1.0,1.0
pFv2U2EmOBk,0,1,1.0,1.0
pGdHt-qvpkw,1,1,1.0,1.0
pIHygTNTUXQ,0,1,1.0,1.0
pIMrgAltmTk,1,1,1.0,1.0
pKCCjEINOQE,0,1,1.0,1.0
pM5OClHVfyU,0,1,1.0,1.0
pQjFsKCRfw8,1,1,1.0,1.0
pSADIwaD4aQ,0,1,1.0,1.0
pSqS-w8OxNQ,1,1,1.0,1.0
pTWFkWqaSlk,1,1,1.0,1.0
pVkN5VZNuiY,1,1,1.0,1.0
pZlJ2bT026E,1,1,1.0,1.0
peMUOkpRkkY,1,1,1.0,1.0
pf-d5fLLEmk,1,1,1.0,1.0
pfA8RzAHvdE,1,1,0.0,1.0
pke1WhLNoHc,1,1,0.0,1.0
plgXlCrTdDQ,1,1,0.0,1.0
ppQYVSaLN-Y,1,1,1.0,1.0
puEFzAnxz_o,1,1,1.0,1.0
q0PRVH_f-ok,1,1,1.0,1.0
q16CFwsDx1c,1,1,1.0,1.0
q3EtUcJI6nI,1,1,1.0,1.0
q3baLrZtLok,1,1,1.0,1.0
qB2xDwqlXcg,0,1,1.0,1.0
qEffgHlRR7M,1,1,1.0,1.0
qFHqc2szcKg,1,1,1.0,1.0
qGDjOgQ2FrY,0,1,1.0,1.0
qGXVjGDdLzY,1,1,1.0,1.0
qRGb-KBK4VI,0,1,1.0,1.0
qRH7vBcaddg,1,1,1.0,1.0
qUgH6G_fIOQ,1,1,1.0,1.0
qUz-WRTzh04,1,1,1.0,1.0
qVpXjONDAtk,1,1,1.0,1.0
qWg70b6fEe0,0,1,1.0,1.0
qX9j_dHRYF8,1,1,1.0,1.0
qYR2ZJvleJI,1,1,1.0,1.0
qagT7QouPDM,1,1,1.0,1.0
qdbVBLmpOpw,1,1,1.0,1.0
qg8Z8SinIdE,0,1,1.0,1.0
qjJT4c1bucA,1,1,1.0,1.0
qk97R_-DeA4,1,1,1.0,1.0
qlxtqiHUYpo,1,1,1.0,1.0
qq-GAIPh-kI,1,1,1.0,1.0
qs8iH4yjVkw,1,1,1.0,1.0
qvjfG_Uljps,1,1,1.0,1.0
qx2gSLPicm0,1,1,1.0,1.0
qyO3DGHOtAE,1,1,1.0,1.0
qzVhYs8-TB4,1,1,1.0,1.0
qzsrVAC32qA,0,1,0.0,1.0
r0IxszNIybQ,1,1,0.0,1.0
r1DVG7s8vcI,1,1,1.0,1.0
r1LhPrf7TgA,1,1,1.0,1.0
r4v-X9uT6nI,1,1,1.0,1.0
r92eCFbknyQ,1,1,1.0,1.0
rD21YoffHmI,1,1,1.0,1.0
rDXtgobnWsQ,1,1,1.0,1.0
rGz-4aGYbvE,0,1,1.0,1.0
rHaisEsuu00,1,1,1.0,1.0
rHkKtgXeop0,0,1,1.0,1.0
rI7YngXtZrQ,1,1,1.0,1.0
rKiWh5fQmCE,1,1,1.0,1.0
rLxTozspBxk,1,1,1.0,1.0
rM_gz1Gz9gE,1,1,1.0,1.0
rPC2qiSags0,1,1,1.0,1.0
rTjgXZM8yN8,1,1,1.0,1.0
rWPzysGwWig,1,1,1.0,1.0
raocyVK_IaA,0,1,0.0,1.0
rf8wInU9Qu0,1,1,1.0,1.0
riNF85JGK7E,0,1,1.0,1.0
rl1QZRsOsNs,1,1,1.0,1.0
rlERDpxoIaA,1,1,1.0,1.0
rp5eI2qP-kw,1,1,1.0,1.0
rpuUWRPkx0c,0,1,1.0,1.0
rt7y2ViREDQ,1,1,1.0,1.0
rvjoJGas074,1,1,1.0,1.0
rwMVSX5mSm0,1,1,0.0,1.0
ryne5PWA-Ro,1,1,1.0,1.0
s-rkK3Clvuw,0,1,1.0,1.0
s2U1I1txCuw,1,1,1.0,1.0
sCJSgjG_1ns,1,1,1.0,1.0
sKi-Ddwb4PE,0,1,1.0,1.0
sLjOR7deSkw,1,1,1.0,1.0
sOxTIanaXBA,0,1,1.0,1.0
sShFtn7dBKc,0,1,1.0,1.0
sW7PyNcMGy0,1,1,1.0,1.0
sXx0cbRPPUw,1,1,1.0,1.0
sYMJ9ZAR6Zg,1,1,1.0,1.0
s_MYXtZbmA4,1,1,1.0,1.0
s_VUhInkSs4,1,1,1.0,1.0
sdboRWaWLyg,1,1,1.0,1.0
ssy2HTyhoYg,1,1,1.0,1.0
surRUZ1yAg0,1,1,0.0,1.0
sx5j-XcMYSM,1,1,1.0,1.0
sxCSmVzMxZk,1,1,1.0,1.0
t-SIRbrtODc,1,1,1.0,1.0
t1H7yi7VHK4,0,1,1.0,1.0
t2_yNxYmewU,1,1,1.0,1.0
t47lVNDuwpE,1,1,1.0,1.0
t5NFb4QyMr0,0,1,1.0,1.0
t5QjkBZj1co,1,1,1.0,1.0
t5s4eef0ExE,1,1,1.0,1.0
t6928gST0Sg,1,1,1.0,1.0
t6if2JzrNVQ,1,1,1.0,1.0
t9CGEdbqigw,0,1,1.0,1.0
tArFtF4N65g,1,1,1.0,1.0
tEfXXJ3al4U,1,1,1.0,1.0
tFGzQQKmADQ,1,1,0.0,1.0
tGjv2vSu-28,1,1,1.0,1.0
tGvOkJJLXQQ,0,1,1.0,1.0
tJDYOP_6DOI,0,1,1.0,1.0
tJKQoODrwrE,1,1,0.0,1.0
tLR2AE8UPcw,1,1,1.0,1.0
tLpvdZfDGWc,1,1,1.0,1.0
tNPrEoLgbNM,1,1,1.0,1.0
tQZ6cGxXMdQ,0,1,1.0,1.0
tTBZgzLqS9Y,1,1,1.0,1.0
tVniQL8aPxs,1,1,1.0,1.0
tWn54DCLva4,1,1,1.0,1.0
tXSVha4Ou2E,1,1,1.0,1.0
t_r2QzCzRl8,1,1,1.0,1.0
tiy5_U66S7s,1,1,1.0,1.0
tj0zvHPPtWo,1,1,0.0,1.0
tkIfrPyh8vM,1,1,1.0,1.0
tl7iYSl8HjE,1,1,1.0,1.0
tlvwtaPkmCU,1,1,0.0,1.0
tprFIbWsTbA,0,1,1.0,1.0
tyIjI9Ly3v8,1,1,1.0,1.0
u-hHkujzWhY,1,1,1.0,1.0
u-oO5artghw,1,1,1.0,1.0
u0c4LazpcHQ,1,1,1.0,1.0
u1fybCe0-js,1,1,1.0,1.0
u1k_X99eXVQ,1,1,0.0,1.0
u4_OMqy01G8,1,1,1.0,1.0
u4e3FkT4Me0,1,1,1.0,1.0
u5J-GGtINkk,0,1,1.0,1.0
u836QeLwzoA,0,1,1.0,1.0
u9TSMfvq4LY,1,1,0.0,1.0
uGcLOfUlzfc,1,1,1.0,1.0
uGp3pga9oNE,0,1,1.0,1.0
uIAFrvKDkWQ,1,1,1.0,1.0
uIrNKRnmgkk,1,1,1.0,1.0
uJfF2cfq13g,1,1,1.0,1.0
uK3BVkDWL2k,1,1,1.0,1.0
uSOS7VG83DQ,1,1,1.0,1.0
uSVLTBsn9tk,1,1,1.0,1.0
uY1_O5m4zgo,1,1,1.0,1.0
uYMi-n2vZ6M,1,1,1.0,1.0
u_I8W9FMA6w,0,1,1.0,1.0
uadRWE8sjHQ,0,1,1.0,1.0
ub7bttYeqB8,0,1,1.0,1.0
ubFoS8QAtjw,1,1,1.0,1.0
ubrZS1KEMM0,0,1,1.0,1.0
uc5jwXXyDzw,1,1,1.0,1.0
udOlD9ztx-o,1,1,1.0,1.0
udmgS4DuDxg,1,1,1.0,1.0
ufDWuv5UwQo,1,1,1.0,1.0
ugc5k7z2Ga0,0,1,1.0,1.0
uiuy8ESUc3M,1,1,1.0,1.0
umKpI3rOj68,0,1,1.0,1.0
uoyXp4_I538,0,1,1.0,1.0
utuqQi9tQGY,1,1,1.0,1.0
uuFU2dRXtGs,1,1,1.0,1.0
uvBpaAuXWPI,1,1,1.0,1.0
v0dydIi42hY,1,1,1.0,1.0
v15J9lo70cM,1,1,1.0,1.0
v1AWGBxstp4,1,1,1.0,1.0
v3t3HzNFyAk,1,1,1.0,1.0
v6GGHwfgU6s,0,1,1.0,1.0
v7H95UZTyC4,1,1,1.0,1.0
v9LKiAJVIfQ,1,1,0.0,1.0
v9Z6-QVfw7M,1,1,0.0,1.0
v9vDeyINVsc,1,1,1.0,1.0
vAtPL0_EUiY,1,1,1.0,1.0
vBpSOIt_MBM,1,1,0.0,1.0
vClUNukh610,1,1,1.0,1.0
vHdI6Jvmu1w,1,1,1.0,1.0
vJhUXyBFaUI,1,1,1.0,1.0
vK7q4zoj7fM,1,1,1.0,1.0
vK98JdW8zT8,1,1,1.0,1.0
vMfopCQEf0s,1,1,0.0,1.0
vMzfegrylR4,0,1,0.0,1.0
vRMDcFrEq4Y,1,1,1.0,1.0
vRcaFfLIumE,1,1,1.0,1.0
vTXAWMO5mvE,1,1,1.0,1.0
vU5RpLjZF8w,1,1,1.0,1.0
vVAc7PEuivQ,1,1,1.0,1.0
vX7b2dwkrwc,1,1,1.0,1.0
vXgryOtLCV8,1,1,1.0,1.0
vavGxnUyy9A,1,1,1.0,1.0
vewV6Zv_4I4,1,1,0.0,1.0
vhzd_ts3fQA,1,1,1.0,1.0
vpUDUvKcPIg,1,1,1.0,1.0
vw9RdfOeS1g,1,1,1.0,1.0
vxr9NEzlDeU,0,1,1.0,1.0
vzCO8LwyVnk,1,1,1.0,1.0
w0yVPUNNV_Q,1,1,1.0,1.0
w3XIdjkGqqg,1,1,1.0,1.0
w4T0wbeh8j4,1,1,1.0,1.0
w79YUSOhPWI,1,1,1.0,1.0
w8HOmbrfjsc,0,1,1.0,1.0
wBBlJh1vIZc,1,1,1.0,1.0
wGQLv477cUg,1,1,1.0,1.0
wIaCbjUjduQ,1,1,1.0,1.0
wIn5-LK7Rvw,1,1,1.0,1.0
wKAl0kmasxg,1,1,1.0,1.0
wLCDCZ-jGyE,1,1,1.0,1.0
wNSudshRp-U,1,1,1.0,1.0
wRWNDwlieTA,0,1,1.0,1.0
wRgilAyoAxs,0,1,0.0,1.0
wXkjDb73mmM,1,1,1.0,1.0
wbot_LqAehQ,1,1,1.0,1.0
we6A2wKYIQc,1,1,1.0,1.0
weFrU6CS2OE,1,1,1.0,1.0
wfPxwiXwMbo,1,1,1.0,1.0
wkQtrmGSMKw,0,1,1.0,1.0
wle7zKNkg40,1,1,1.0,1.0
wo7iYxplYcA,0,1,1.0,1.0
womh7oCFIIc,1,1,1.0,1.0
woqZSRRM5i0,1,1,1.0,1.0
wozaGreDFtI,1,1,1.0,1.0
wp8Csa2KLx0,1,1,1.0,1.0
wpj5L_nwkls,1,1,1.0,1.0
wtlNapcs0j0,1,1,1.0,1.0
wtuwErTz_j0,0,1,1.0,1.0
wyouVOMd9Sw,1,1,0.0,1.0
wzOSWDrRKwY,1,1,1.0,1.0
x-SYDTIAHi0,1,1,1.0,1.0
x0b_rYNuHEU,1,1,1.0,1.0
x3EsBtYJzlA,1,1,1.0,1.0
x5XtogA0kVs,1,1,1.0,1.0
x9BWVjKfET0,1,1,0.0,1.0
xCIJnebZHG8,1,1,1.0,1.0
xGkDvEALUfs,0,1,1.0,1.0
xGqRL-58mCg,1,1,1.0,1.0
xHiSpsZpMRs,1,1,1.0,1.0
xIBHir8y3b8,1,1,1.0,1.0
xJLsrfTAh04,1,1,1.0,1.0
xLOZqwMx2iA,1,1,0.0,1.0
xLjJk0dY2jM,1,1,1.0,1.0
xWK6JjX1Apc,1,1,0.0,1.0
xZfmLtPXQOo,1,1,1.0,1.0
xc4wzcaO0i4,1,1,1.0,1.0
xdHgr_BIcy4,1,1,1.0,1.0
xeBlz35iADs,1,1,1.0,1.0
xeRS9N1aV84,1,1,1.0,1.0
xedc5Be-ZnI,1,1,1.0,1.0
xgBbm5fInak,1,1,0.0,1.0
xl03G2Nn2Tw,1,1,1.0,1.0
xnNEtOfKaNM,1,1,1.0,1.0
xok9lDMkylg,1,1,1.0,1.0
xplVMcVH4bU,1,1,1.0,1.0
xptGB2ITGr0,1,1,1.0,1.0
xq9hXVPL1-U,1,1,0.0,1.0
xriSU_Oj1OY,0,1,1.0,1.0
xsCrRY33Meo,1,1,1.0,1.0
xtDTwQr9XvE,0,1,1.0,1.0
xtrOuE93fgo,1,1,1.0,1.0
xuuQdxq6cSM,1,1,1.0,1.0
xyeOzzSRqoY,1,1,1.0,1.0
y-eTuleY-Vw,1,1,0.0,1.0
y3UgmMntTk8,0,1,1.0,1.0
y3WyR0Bed68,1,1,1.0,1.0
y5fnxpUFhCk,1,1,1.0,1.0
yA5CLZWuaRc,1,1,1.0,1.0
yCWuxa1UHXc,1,1,1.0,1.0
yEN21v_I9EA,1,1,1.0,1.0
yF0HhMa3DYc,1,1,1.0,1.0
yFkJ_htamMw,1,1,1.0,1.0
yJMmbZuVAJ0,0,1,1.0,1.0
yKYEHMV6X2g,1,1,1.0,1.0
yNNQ7PljGPY,1,1,1.0,1.0
yPLV2MsjRXY,1,1,1.0,1.0
yQw8ykFmrl0,1,1,1.0,1.0
ySZUR5TEgq0,1,1,1.0,1.0
yVIy8xfp1vo,0,1,1.0,1.0
yVPZVI6Xcao,1,1,1.0,1.0
yWcGQ3dDC70,1,1,0.0,1.0
yYyP6JhwtwM,1,1,1.0,1.0
yeIap1tcWyU,1,1,1.0,1.0
yfIUeBZ9Rtw,1,1,1.0,1.0
ym2-QTHdBuk,1,1,0.0,1.0
ymbpvsanMNk,1,1,1.0,1.0
ymk4U52vdwc,0,1,1.0,1.0
ynF_KkgdNFI,0,1,1.0,1.0
ynTQcAweNNA,1,1,1.0,1.0
ypFxZnlv1uQ,0,1,1.0,1.0
yrXakep8ZXM,0,1,1.0,1.0
ysL6kVwgS_A,1,1,0.0,1.0
ywCBvQrblGY,1,1,1.0,1.0
yxzggpJuxfY,1,1,1.0,1.0
yzExwqHnDnE,1,1,1.0,1.0
z0lRyJa8juo,1,1,1.0,1.0
z1nCUmWHvsU,1,1,1.0,1.0
z4OeRckGZTY,0,1,1.0,1.0
z4qP9D9RA3c,1,1,1.0,1.0
z85EBlIGp7c,0,1,1.0,1.0
z9NHA4W-2Ms,1,1,1.0,1.0
zCCXA9odpNQ,0,1,1.0,1.0
zDm4OMn74aM,1,1,0.0,1.0
zH5UrjPyfno,1,1,1.0,1.0
zKUNcbeayq4,0,1,0.0,1.0
zKwo7duxwyc,0,1,1.0,1.0
zL2V2y8pBms,1,1,1.0,1.0
zMB5oUCpt5Y,1,1,1.0,1.0
zPXphpl7gco,1,1,0.0,1.0
zREox08QmM0,1,1,1.0,1.0
zRIEIE-sSn0,1,1,1.0,1.0
zWUPny-TIjk,1,1,1.0,1.0
zXppZFV1fTg,1,1,1.0,1.0
za78Uqroios,1,1,1.0,1.0
zaOAOq0CoO4,1,1,1.0,1.0
zagQa-9fJpM,1,1,1.0,1.0
zflHpFRXHsg,1,1,1.0,1.0
zhhBS3gO6qs,1,1,1.0,1.0
zisvz4dbMfg,1,1,1.0,1.0
zjRDYdDlpiw,1,1,1.0,1.0
zk2oTMxXMNU,1,1,1.0,1.0
znkUgQVIBH4,1,1,1.0,1.0
zoCLkLJHG1I,1,1,1.0,1.0
zqP3pJSM5T4,0,1,1.0,1.0
zvpOkNknHVE,1,1,1.0,1.0
zzJbfyl9A5Y,1,1,1.0,1.0
