search key,type
lung transplant rejection,['lung transplant']
lung transplant history,['lung transplant']
heart transplant rejection,['heart transplant']
kidney transplant hospitals in florida,['kidney transplant']
heart lung transplant uk,['heart-lung transplant']
pancreas transplantation,['pancreas transplant']
do you change after a heart transplant,['heart transplant']
heart transplant recovery timeline,['heart transplant']
when is heart transplant done,['heart transplant']
liver transplant pathology outlines,['liver transplant']
lung transplant questions,['lung transplant']
liver transplant survival rate,['liver transplant']
can you do a liver transplant,['liver transplant']
how long lung transplant,['lung transplant']
lung transplant pittsburgh,['lung transplant']
liver transplant university of michigan,['liver transplant']
kidney transplant ribbon color,['kidney transplant']
heart and lung transplant foundation,['heart-lung transplant']
kidney transplant cost,['kidney transplant']
kidney transplant wiki,['kidney transplant']
lung transplant donor,['lung transplant']
lung transplant medicine,['lung transplant']
kidney transplant diet,['kidney transplant']
liver transplant organizations,['liver transplant']
heart transplant pediatric,['heart transplant']
heart transplant time,['heart transplant']
liver transplant grants,['liver transplant']
after kidney transplant,['kidney transplant']
lung transplant guidelines,['lung transplant']
how common are pancreas transplants,['pancreas transplant']
how lung transplant is done,['lung transplant']
heart transplant complications,['heart transplant']
pancreas transplant in type 1 diabetes,['pancreas transplant']
liver transplant timeline,['liver transplant']
pancreas kidney transplant,['pancreas transplant']
pancreas transplant canada,['pancreas transplant']
liver transplant birmingham,['liver transplant']
heart transplant success rate,['heart transplant']
pancreas transplant vascular anatomy,['pancreas transplant']
kidney transplant cpt code,['kidney transplant']
who do liver transplant,['liver transplant']
lung transplant survival rate,['lung transplant']
kidney transplant leave old kidney,['kidney transplant']
what's kidney transplant,['kidney transplant']
heart problems after lung transplant,['heart-lung transplant']
kidney transplant anti rejection drugs,['kidney transplant']
how long liver transplant,['liver transplant']
heart transplant icd 10,['heart transplant']
pancreas transplant radiology,['pancreas transplant']
liver transplant icd 10,['liver transplant']
xenograft liver transplant,['liver transplant']
how heart transplant is done,['heart transplant']
liver transplant yellow,['liver transplant']
what happens if heart transplant is rejected,['heart transplant']
pancreas transplant eligibility,['pancreas transplant']
types of liver transplant,['liver transplant']
can you get a lung transplant,['lung transplant']
liver transplant liver cancer,['liver transplant']
kidney transplant complications,['kidney transplant']
kidney transplant hospitals in texas,['kidney transplant']
where do kidney transplants go,['kidney transplant']
kidney transplant status z code __,['kidney transplant']
lung transplant complications,['lung transplant']
heart transplant immunosuppression,['heart transplant']
pancreas transplant status,['pancreas transplant']
lung transplant hospitals,['lung transplant']
heart transplant jehovah's witness,['heart transplant']
how long kidney transplant last,['kidney transplant']
heart transplant organ donation,['heart transplant']
xenograft kidney transplant,['kidney transplant']
pancreas transplant medications,['pancreas transplant']
heart transplant usa,['heart transplant']
heart transplant box,['heart transplant']
simultaneous pancreas kidney transplant,['pancreas transplant']
heart transplant waiting list,['heart transplant']
lung transplant criteria,['lung transplant']
pancreas transplant icd 10,['pancreas transplant']
kidney transplant dialysis,['kidney transplant']
liver transplant waiting list by state,['liver transplant']
pancreas transplant waiting list,['pancreas transplant']
double lung transplant youtube,['lung transplant']
lung transplant new york,['lung transplant']
kidney transplant organization,['kidney transplant']
pancreas transplant journal,['pancreas transplant']
liver transplant questionnaire,['liver transplant']
how long heart transplant surgery,['heart transplant']
pancreas transplant surgeon,['pancreas transplant']
liver transplant scar,['liver transplant']
heart transplant types,['heart transplant']
what happens when lung transplant fails,['lung transplant']
lung transplant health care,['lung transplant']
heart transplant criteria,['heart transplant']
liver transplant indications,['liver transplant']
liver transplant numbers by center,['liver transplant']
kidney transplant life expectancy,['kidney transplant']
kidney transplant icd 10,['kidney transplant']
when liver transplant is needed,['liver transplant']
kidney transplant success rate,['kidney transplant']
liver transplant what to expect,['liver transplant']
liver transplant awareness month,['liver transplant']
liver transplant ke baad life,['liver transplant']
liver transplant life expectancy,['liver transplant']
how many lung transplants per year,['lung transplant']
heart transplant outcomes,['heart transplant']
pancreas transplant anastomosis,['pancreas transplant']
lung transplant cost,['lung transplant']
liver transplant young child,['liver transplant']
lung transplant time,['lung transplant']
lung transplant jacksonville fl,['lung transplant']
kidney transplant eligibility criteria,['kidney transplant']
heart transplant near me,['heart transplant']
heart transplant rejection icd 10,['heart transplant']
liver transplant color,['liver transplant']
lung transplant information,['lung transplant']
pig kidney transplant,['kidney transplant']
lung transplant scar,['lung transplant']
kidney transplant age,['kidney transplant']
infections in heart and lung transplant recipients,['heart-lung transplant']
lung transplant vaping,['lung transplant']
lung transplant houston,['lung transplant']
kidney transplant questions,['kidney transplant']
why heart transplant is done,['heart transplant']
heart transplant eligibility,['heart transplant']
pancreas transplant benefits,['pancreas transplant']
liver transplant blood type,['liver transplant']
heart transplant survival rate 10 years,['heart transplant']
kidney transplant jehovah's witness,['kidney transplant']
double lung transplant quality of life,['lung transplant']
heart lung transplant,['lung transplant']
kidney transplant effects,['kidney transplant']
why would someone need a liver transplant,['liver transplant']
liver transplant journey,['liver transplant']
lung transplant 70 years old,['lung transplant']
why would someone need lung transplant,['lung transplant']
heart transplant hospital,['heart transplant']
why kidney transplant is needed,['kidney transplant']
heart transplant life,['heart transplant']
kidney transplant drugs,['kidney transplant']
liver transplant piggyback technique,['liver transplant']
kidney transplant hospital stay,['kidney transplant']
kidney transplant anastomosis,['kidney transplant']
why no pancreas transplant,['pancreas transplant']
pancreas transplant ultrasound,['pancreas transplant']
lung transplant kids,['lung transplant']
liver transplant meld score calculator,['liver transplant']
ut southwestern heart and lung transplant program,['heart-lung transplant']
heart transplant cost,['heart transplant']
kidney transplant in turkey,['kidney transplant']
lung transplant xray,['lung transplant']
lung transplant guidelines ishlt,['lung transplant']
heart transplant coordinator,['heart transplant']
kidney transplant nurse,['kidney transplant']
pancreas transplant y graft,['pancreas transplant']
heart lung transplant trust victoria,['heart-lung transplant']
kidney transplant nutrition,['kidney transplant']
heart transplant texas,['heart transplant']
kidney transplant immunosuppression,['kidney transplant']
heart transplant uk hospitals,['heart transplant']
lung transplant waiting list,['lung transplant']
liver transplant candidates,['liver transplant']
heart lung transplant fellowship,['heart-lung transplant']
lung transplant list,['lung transplant']
pancreas transplant monitoring,['pancreas transplant']
xm kidney transplant,['kidney transplant']
journal heart lung transplant impact factor,['heart-lung transplant']
kidney transplant ultrasound,['kidney transplant']
heart transplant levels,['heart transplant']
heart transplant patient,['heart transplant']
kidney transplant timeline,['kidney transplant']
when kidney transplant is needed,['kidney transplant']
pancreas transplant survival rate,['pancreas transplant']
liver transplant tacrolimus,['liver transplant']
what causes heart transplant,['heart transplant']
pancreas transplant for t1d,['pancreas transplant']
kidney transplant steps,['kidney transplant']
heart-lung transplant indications,['heart-lung transplant']
where to get lung transplant,['lung transplant']
pancreas transplant epi,['pancreas transplant']
liver transplant bmi cutoff,['liver transplant']
liver transplant biliary anastomosis,['liver transplant']
lung transplant foundation careers,['lung transplant']
who qualifies for liver transplant,['liver transplant']
heart and lung transplant unit,['heart-lung transplant']
liver transplant success rate,['liver transplant']
kidney transplant waiting list,['kidney transplant']
what's a transplant nurse,['kidney transplant']
pancreas transplant pig,['pancreas transplant']
pig kidney transplant dies,['kidney transplant']
why ben askren need lung transplant,['lung transplant']
heart transplant with robot,['heart transplant']
heart lung transplant journal,['heart-lung transplant']
lung transplant university of chicago,['lung transplant']
xanax kidney transplant,['kidney transplant']
heart transplant options,['heart transplant']
what causes lung transplant,['lung transplant']
xi liver transplant,['liver transplant']
how much does a double lung transplant cost,['lung transplant']
kidney transplant list,['kidney transplant']
liver transplant evaluation,['liver transplant']
how dangerous is a pancreas transplant,['pancreas transplant']
liver transplant criteria,['liver transplant']
where are heart transplants done,['heart transplant']
liver transplant team,['liver transplant']
pancreas transplant success rate in india,['pancreas transplant']
heart and lung transplant coordinator salary,['heart-lung transplant']
kidney transplant rejection,['kidney transplant']
who does kidney transplants,['kidney transplant']
kidney transplant donor,['kidney transplant']
heart transplant machine,['heart transplant']
pancreas transplant medical term,['pancreas transplant']
heart transplant vs artificial heart,['heart transplant']
lung transplant medicare,['lung transplant']
heart transplant volume,['heart transplant']
pancreas transplant hospital,['pancreas transplant']
liver transplant with cirrhosis,['liver transplant']
who does lung transplants,['lung transplant']
liver transplant surgeon upmc,['liver transplant']
heart transplant mortality rate,['heart transplant']
when is a lung transplant necessary,['lung transplant']
what needs heart transplant,['heart transplant']
lung transplant eligibility,['lung transplant']
where is kidney transplant incision,['kidney transplant']
double lung transplant,['lung transplant']
lung transplant evaluation,['lung transplant']
when is liver transplant not an option,['liver transplant']
liver transplant kidney failure,['liver transplant']
heart transplant per year,['heart transplant']
heart transplant wait time,['heart transplant']
lung transplant center,['lung transplant']
kidney transplant kidney failure,['kidney transplant']
lung transplant age limit,['lung transplant']
lung transplant recovery,['lung transplant']
kidney transplant match requirements,['kidney transplant']
kidney transplant donor risks,['kidney transplant']
does heart transplant qualify for disability,['heart transplant']
liver transplant ultrasound,['liver transplant']
heart transplant listing status,['heart transplant']
kidney transplant survival rate,['kidney transplant']
uab heart lung transplant program,['heart-lung transplant']
kidney transplant video,['kidney transplant']
where is liver transplant done,['liver transplant']
pulmonary fibrosis lung transplant,['lung transplant']
dcd heart transplant,['heart transplant']
kidney transplant wait time,['kidney transplant']
liver transplant hospitals,['liver transplant']
ucsf heart and lung transplant,['heart-lung transplant']
pancreas transplant cost,['pancreas transplant']
pancreatitis liver transplant,['pancreas transplant']
heart transplant surgeon salary,['heart transplant']
heart lung transplant for pulmonary hypertension,['heart-lung transplant']
kidney transplant three kidneys,['kidney transplant']
heart transplant order of anastomosis,['heart transplant']
how many lung transplants can you have,['lung transplant']
where is incision for lung transplant,['lung transplant']
how many heart transplants are successful,['heart transplant']
liver transplant diet restrictions,['liver transplant']
pancreas transplant success,['pancreas transplant']
liver transplant texas,['liver transplant']
what is a heart transplant,['heart transplant']
liver transplant near me,['liver transplant']
pancreas transplant cpt code,['pancreas transplant']
liver transplant anesthesia,['liver transplant']
kidney transplant medicare,['kidney transplant']
lung transplant with cystic fibrosis,['lung transplant']
lung transplant exclusion criteria,['lung transplant']
lung transplant recipient,['lung transplant']
lung transplant kims,['lung transplant']
xeno heart transplant,['heart transplant']
kidney transplant ribbon,['kidney transplant']
which statement is true about both lung transplant and bullectomy?,['lung transplant']
lung transplant icd 10,['lung transplant']
alaska man heart transplant,['heart transplant']
liver transplant news,['liver transplant']
kidney transplant procedure code,['kidney transplant']
liver transplant baby,['liver transplant']
heart transplant evaluation,['heart transplant']
transplant a yucca,['kidney transplant']
lung transplant insurance,['lung transplant']
lung transplant viability,['lung transplant']
kidney transplant anesthesia,['kidney transplant']
kidney transplant blood,['kidney transplant']
pancreas kidney transplant scar,['pancreas transplant']
pancreas transplant list,['pancreas transplant']
heart lung transplant team,['heart-lung transplant']
heart lung transplant icu,['heart-lung transplant']
liver transplant list,['liver transplant']
pancreas transplant types,['pancreas transplant']
liver transplant no insurance,['liver transplant']
pancreas transplant for pancreatitis,['pancreas transplant']
kidney transplant vitamin d,['kidney transplant']
xofluza kidney transplant,['kidney transplant']
pancreas transplant vs islet transplant,['pancreas transplant']
ucla heart and lung transplant,['heart-lung transplant']
liver transplant how much does it cost,['liver transplant']
lung transplant north carolina,['lung transplant']
kidney transplant infection,['kidney transplant']
lung transplant uva,['lung transplant']
lung transplant mass general,['lung transplant']
pancreas transplant ncbi,['pancreas transplant']
when is a liver transplant too late,['liver transplant']
pancreas transplant side effects,['pancreas transplant']
lung transplant jobs usa,['lung transplant']
liver transplant high enzymes,['liver transplant']
what's a transplant person,['kidney transplant']
pancreas transplant alcohol,['pancreas transplant']
liver transplant las vegas,['liver transplant']
kidney transplant low blood pressure,['kidney transplant']
liver transplant jupiter hospital pune,['liver transplant']
kidney transplant anniversary,['kidney transplant']
kidney transplant recovery,['kidney transplant']
heart transplant from pig,['heart transplant']
heart transplant guidelines,['heart transplant']
liver transplant for alcoholic,['liver transplant']
lung transplant length,['lung transplant']
where does a pancreas transplant go,['pancreas transplant']
which kidney do they take for transplant,['kidney transplant']
lung transplant candidate,['lung transplant']
pancreas transplant ppt,['pancreas transplant']
when is kidney transplant not possible,['kidney transplant']
liver transplant cpt code,['liver transplant']
lung transplant images,['lung transplant']
lung transplant quora,['lung transplant']
what is orthotopic heart transplant,['heart transplant']
lung transplant mma fighter,['lung transplant']
kidney transplant x ray,['kidney transplant']
liver transplant anniversary,['liver transplant']
liver transplant diagnosis code,['liver transplant']
liver transplant jefferson,['liver transplant']
kidney transplant biopsy procedure,['kidney transplant']
liver transplant nursing care,['liver transplant']
renal transplant zoster vaccine,['kidney transplant']
lung transplant queensland,['lung transplant']
why is a liver transplant dangerous,['liver transplant']
liver transplant age,['liver transplant']
heart transplant heart failure,['heart transplant']
heart transplant oregon,['heart transplant']
lung transplant cardiopulmonary bypass,['lung transplant']
lung transplant utsw,['lung transplant']
lung transplant for copd,['lung transplant']
liver transplant turkey,['liver transplant']
kidney transplant uti,['kidney transplant']
lung transplant quarantine,['lung transplant']
heart transplant personality change,['heart transplant']
heart transplant age,['heart transplant']
pig lung transplant,['lung transplant']
lung transplant bc,['lung transplant']
liver transplant personality change,['liver transplant']
lung transplant in kerala,['lung transplant']
lung transplant for ipf,['lung transplant']
lung transplant vgh,['lung transplant']
liver transplant complications,['liver transplant']
lung transplant due to pneumonia,['lung transplant']
lung transplant outcomes,['lung transplant']
pancreas transplant uva,['pancreas transplant']
pancreas transplant cystic fibrosis,['pancreas transplant']
kidney transplant quebec,['kidney transplant']
lung transplant prognosis,['lung transplant']
kidney transplant over 70,['kidney transplant']
kidney transplant surgery time,['kidney transplant']
heart lung transplant en bloc,['heart-lung transplant']
heart transplant without opening chest,['heart transplant']
lung transplantation jason d christie,['lung transplant']
heart and lung transplant conference,['heart-lung transplant']
heart transplant post op care,['heart transplant']
why liver transplant is costly,['liver transplant']
liver transplant kansas city,['liver transplant']
lung transplant incision,['lung transplant']
lung transplant centers near me,['lung transplant']
kidney transplant anatomy,['kidney transplant']
liver transplant ventilator,['liver transplant']
lung transplant denied,['lung transplant']
clad lung transplant,['lung transplant']
pediatric heart lung transplant,['heart-lung transplant']
pancreas transplant diagnosis code,['pancreas transplant']
transplant a young tree,['kidney transplant']
pancreas transplant for cancer,['pancreas transplant']
liver transplant vomiting,['liver transplant']
lung kidney transplant,['lung transplant']
lung transplant for covid,['lung transplant']
liver transplant levels,['liver transplant']
liver transplant oklahoma,['liver transplant']
zepbound liver transplant,['liver transplant']
liver transplant from living donor,['liver transplant']
reasons for heart lung transplant,['heart-lung transplant']
lung transplant diagram,['lung transplant']
pancreatic transplant urethral injury,['pancreas transplant']
why kidney transplant in iliac fossa,['kidney transplant']
liver transplant jump graft,['liver transplant']
lung transplant statistics,['lung transplant']
lung transplant gvhd,['lung transplant']
lung transplant anastomosis,['lung transplant']
liver transplantation,['heart transplant']
heart transplant biopsy grade,['heart transplant']
when is national heart transplant day,['heart transplant']
liver transplant match,['liver transplant']
lung transplant precautions,['lung transplant']
pancreas transplant mexico,['pancreas transplant']
heart transplant anniversary,['heart transplant']
lung transplant arizona,['lung transplant']
zooplastic heart transplant,['heart transplant']
lung transplant vagus nerve,['lung transplant']
lung transplant surgeon salary,['lung transplant']
liver transplant o positive,['liver transplant']
pancreas transplant drg,['pancreas transplant']
kidney transplant zero to finals,['kidney transplant']
heart transplant drugs,['heart transplant']
pancreas transplant cost in apollo hospital,['pancreas transplant']
lung transplant life expectancy,['lung transplant']
when kidney transplant is done,['kidney transplant']
who is the longest liver transplant survivor,['liver transplant']
how heart transplant is possible,['heart transplant']
heart lung liver transplant,['heart-lung transplant']
lung transplant blood type,['lung transplant']
how long do pancreas transplants last,['pancreas transplant']
why did michelle trachtenberg have a liver transplant,['liver transplant']
pancreas transplant blood supply,['pancreas transplant']
lung transplant anesthesia,['lung transplant']
xvivo kidney transplant,['kidney transplant']
kidney transplant status z94 0,['kidney transplant']
heart lung transplant surgeon,['heart-lung transplant']
liver transplant immunosuppression,['liver transplant']
why ascites after liver transplant,['liver transplant']
lung transplant hospital rankings,['lung transplant']
heart transplant no incision,['heart transplant']
stanford heart lung transplant program,['heart-lung transplant']
liver transplant nutrition guidelines,['liver transplant']
kidney transplant cost without insurance,['kidney transplant']
partial heart transplant,['heart transplant']
heart transplant year,['heart transplant']
what is cadaver kidney transplant,['kidney transplant']
kidney transplant in cats,['kidney transplant']
lung transplant tacrolimus goal,['lung transplant']
how long liver transplant list,['liver transplant']
liver transplant vanderbilt,['liver transplant']
lung transplant rejection rate,['lung transplant']
liver transplant gallbladder,['liver transplant']
what of heart transplants are successful,['heart transplant']
how kidney transplant match,['kidney transplant']
international society of heart lung transplant,['heart-lung transplant']
lung transplant temple,['lung transplant']
zambon lung transplant,['lung transplant']
kidney transplant news today,['kidney transplant']
liver transplant operative steps,['liver transplant']
heart transplant experience,['heart transplant']
liver transplant vasculature,['liver transplant']
lung transplant anatomy,['lung transplant']
kidney transplant evaluation,['kidney transplant']
liver transplant mexico city,['liver transplant']
pancreas transplant turkey,['pancreas transplant']
lung transplant karachi,['lung transplant']
longest living heart lung transplant recipient,['heart-lung transplant']
liver transplant groups,['liver transplant']
kidney transplant diet restrictions,['kidney transplant']
what's a transplant surgery,['kidney transplant']
pancreas transplant age limit,['pancreas transplant']
liver transplant ucla,['liver transplant']
pancreas transplant biopsy,['pancreas transplant']
heart transplant in dogs,['heart transplant']
lung transplant uf health,['lung transplant']
lung transplant ucsd,['lung transplant']
kidney transplant nephrologist,['kidney transplant']
liver transplant michelle trachtenberg cause of death,['liver transplant']
xvivo heart transplant,['heart transplant']
heart transplant numbers,['heart transplant']
who liver transplant guidelines,['liver transplant']
pancreas transplant vasculature,['pancreas transplant']
lung transplant vancouver,['lung transplant']
how to get pancreas transplant,['pancreas transplant']
kidney transplant blood type,['kidney transplant']
kidney transplant explained,['kidney transplant']
pancreas transplant guidelines,['pancreas transplant']
lung transplant success rate,['lung transplant']
kidney transplant quora,['kidney transplant']
heart transplant life expectancy,['heart transplant']
liver transplant info,['liver transplant']
how many pancreas transplants per year,['pancreas transplant']
lung transplant osu,['lung transplant']
kidney transplant pictures,['kidney transplant']
kidney transplants per year,['kidney transplant']
lung transplant compatibility,['lung transplant']
why kidney transplant is better than dialysis,['kidney transplant']
kidney transplant education for patients,['kidney transplant']
liver transplant living donor requirements,['liver transplant']
liver transplant for dogs,['liver transplant']
kidney transplant center near me,['kidney transplant']
pancreas transplant diagram,['pancreas transplant']
lung transplant hospitals in florida,['lung transplant']
how long a person live after liver transplant,['liver transplant']
ozempic pancreas transplant,['pancreas transplant']
what happens after a failed kidney transplant,['kidney transplant']
lung transplant video,['lung transplant']
liver transplant before and after,['liver transplant']
pancreas transplant ucsf,['pancreas transplant']
liver transplant education,['liver transplant']
why do heart transplants fail,['heart transplant']
lung transplant survival rate reddit,['lung transplant']
who paid for ben askren lung transplant,['lung transplant']
liver transplant emory,['liver transplant']
liver transplant precautions,['liver transplant']
lung transplant programs,['lung transplant']
liver transplant cause of death,['liver transplant']
heart transplant baby,['heart transplant']
how kidney transplant works,['kidney transplant']
lung transplant diagnosis code,['lung transplant']
why are lung transplants so difficult,['lung transplant']
liver transplant at age 65,['liver transplant']
what happens if pancreas transplant fails,['pancreas transplant']
lung transplant kidney failure,['lung transplant']
heart transplant nurse,['heart transplant']
liver transplant eligibility,['liver transplant']
kidney transplant list by state,['kidney transplant']
lung transplant financial assistance,['lung transplant']
j heart lung transplant impact factor 2024,['heart-lung transplant']
liver transplant time,['liver transplant']
lung transplant nursing care plan,['lung transplant']
pancreas transplant donor,['pancreas transplant']
kidney transplant blood type match,['kidney transplant']
lung transplant meme,['lung transplant']
lung transplant wisconsin,['lung transplant']
kidney transplant requirements,['kidney transplant']
vanderbilt kidney pancreas transplant madison al,['pancreas transplant']
j heart lung transplant,['heart-lung transplant']
lung transplant hospitals in texas,['lung transplant']
liver transplant rejection symptoms,['liver transplant']
liver transplant jobs,['liver transplant']
heart transplant through preperitoneal space,['heart transplant']
kidney transplant get well card,['kidney transplant']
where is kidney transplant scar,['kidney transplant']
does lung transplant qualify for disability,['lung transplant']
pancreas transplant images,['pancreas transplant']
liver transplant zero to finals,['liver transplant']
kidney transplant zones,['kidney transplant']
lung transplant in cf,['lung transplant']
kidney transplant vs liver transplant,['kidney transplant']
lung transplant for cancer,['lung transplant']
heart transplant for hfpef,['heart transplant']
kidney transplant length,['kidney transplant']
lung transplant mgh,['lung transplant']
lung transplant kansas city,['lung transplant']
heart transplant heart rate control,['heart transplant']
heart' lung transplant machine,['heart-lung transplant']
what is bolt lung transplant,['lung transplant']
pancreas transplant post op care,['pancreas transplant']
heart transplant openanesthesia,['heart transplant']
kidney transplant antibiotic prophylaxis dental,['kidney transplant']
lung transplant transport,['lung transplant']
liver transplant volume by center,['liver transplant']
heart transplant nclex questions,['heart transplant']
heart transplant mayo clinic,['heart transplant']
heart transplant through abdomen,['heart transplant']
liver transplant hospital rankings,['liver transplant']
how much kidney transplant in us,['kidney transplant']
pancreas transplant video,['pancreas transplant']
heart transplant echo,['heart transplant']
heart and lung transplant clinic st vincent's,['heart-lung transplant']
heart transplant anesthesia,['heart transplant']
liver transplant rejection,['liver transplant']
kidney transplant with diabetes,['kidney transplant']
kidney transplant gout,['kidney transplant']
heart transplant vagus nerve,['heart transplant']
lung transplant in kenya,['lung transplant']
liver transplant for metastatic colon cancer,['liver transplant']
zoe heart transplant svu,['heart transplant']
kidney transplant bulletin board ideas,['kidney transplant']
lung transplant bmi,['lung transplant']
heart transplant length,['heart transplant']
kidney transplant kdpi,['kidney transplant']
kidney transplant testing,['kidney transplant']
kidney transplant for kids,['kidney transplant']
when a pancreas transplant has enteric drainage,['pancreas transplant']
heart transplant yale,['heart transplant']
kidney transplant month,['kidney transplant']
do you die during a heart transplant,['heart transplant']
liver transplant o negative blood type,['liver transplant']
liver transplant venovenous bypass,['liver transplant']
lung transplant hepatitis c,['lung transplant']
liver transplant workup,['liver transplant']
liver transplant partial,['liver transplant']
kidney transplant voucher program,['kidney transplant']
heart transplant green corridor,['heart transplant']
kidney transplant foods to avoid,['kidney transplant']
liver disease,['liver transplant']
kidney transplant kaiser,['kidney transplant']
kidney transplant type o blood,['kidney transplant']
liver transplant enlarged spleen,['liver transplant']
how hard is it to get a liver transplant,['liver transplant']
kidney transplant qc,['kidney transplant']
kidney dialysis,['kidney transplant']
how rare is a lung transplant,['lung transplant']
kidney transplant registry,['kidney transplant']
kidney transplant not working,['kidney transplant']
kidney transplant vessels,['kidney transplant']
heart transplant news,['heart transplant']
kidney transplant grey's anatomy,['kidney transplant']
how much is kidney transplant in nigeria 2024,['kidney transplant']
kidney transplant diagram,['kidney transplant']
lung transplant emphysema,['lung transplant']
kidney transplant logo,['kidney transplant']
kidney transplant virus,['kidney transplant']
kidney transplant leave kidney in,['kidney transplant']
heart transplant ucsd,['heart transplant']
liver transplant drg,['liver transplant']
heart transplant rejection rate,['heart transplant']
kidney transplant nursing diagnosis,['kidney transplant']
kidney transplant guard,['kidney transplant']
liver transplant vaccine recommendations,['liver transplant']
can you get a heart and lung transplant at the same time,['heart-lung transplant']
lung transplant volume by center,['lung transplant']
pancreas transplant alone (pta),['pancreas transplant']
heart transplant dsa,['heart transplant']
lung transplant on ecmo,['lung transplant']
kylie's lung transplant journey,['lung transplant']
liver transplant university of utah,['liver transplant']
heart transplant dicentra,['heart transplant']
lung transplant asthma,['lung transplant']
kidney transplant mayo clinic,['kidney transplant']
heart transplant prognosis,['heart transplant']
pancreas transplant rejection symptoms,['pancreas transplant']
kidney transplant icd 10 code,['kidney transplant']
liver transplant tylenol,['liver transplant']
pph requiring heart lung transplant assessment,['heart-lung transplant']
kidney transplant and pregnancy,['kidney transplant']
kidney transplant help from government,['kidney transplant']
what is bilateral lung transplant,['lung transplant']
kidney transplant queue,['kidney transplant']
liver transplant bile duct,['liver transplant']
heart transplant without blood transfusion,['heart transplant']
lung transplant ribbon,['lung transplant']
bernie kosar liver transplant,['liver transplant']
kidney transplant nursing care plan,['kidney transplant']
model for end-stage liver disease,['liver transplant']
lung transplant drg,['lung transplant']
liver transplant north carolina,['liver transplant']
kidney transplant failure symptoms,['kidney transplant']
liver transplant contraindications,['liver transplant']
why kidney transplant on right side,['kidney transplant']
kidney transplant exclusion criteria,['kidney transplant']
lung transplant gofundme,['lung transplant']
liver transplant mayo clinic,['liver transplant']
lung transplant upmc,['lung transplant']
liver transplant usc,['liver transplant']
pancreas transplant in kids,['pancreas transplant']
pancreas transplant hypoglycemia,['pancreas transplant']
kidney transplant gfr,['kidney transplant']
kidney transplant ureter,['kidney transplant']
kidney transplant alcohol,['kidney transplant']
kidney transplant ke bad diet chart,['kidney transplant']
kidney transplant weight requirements,['kidney transplant']
heart transplant grants,['heart transplant']
heart transplant glasgow,['heart transplant']
interstitial lung disease,['lung transplant']
heart transplant blood pressure,['heart transplant']
heart transplant outcomes by center,['heart transplant']
lung transplant risks,['lung transplant']
kidney transplant rules,['kidney transplant']
kidney transplant grants,['kidney transplant']
kidney transplant medicaid,['kidney transplant']
can you have kidney transplant,['kidney transplant']
lung transplant exercise guidelines,['lung transplant']
kidney transplant facts,['kidney transplant']
lung transplant nejm,['lung transplant']
what causes liver transplant,['liver transplant']
kidney transplant in spanish,['kidney transplant']
european heart and lung transplant federation,['heart-lung transplant']
heart transplant nutrition guidelines,['heart transplant']
heart and lung transplant trust,['heart-lung transplant']
kidney transplant post op care,['kidney transplant']
kidney disease,['kidney transplant']
how to kidney transplant surgeon simulator,['kidney transplant']
kidney transplant unit,['kidney transplant']
kidney transplant color,['kidney transplant']
kidney transplant warrior,['kidney transplant']
lung transplant awareness month,['lung transplant']
lung transplant virginia,['lung transplant']
heart and lung transplant cleveland clinic,['heart-lung transplant']
kidney transplant bonus,['kidney transplant']
kidney transplant prognosis,['kidney transplant']
heart transplant longest survivor,['heart transplant']
eisenmenger syndrome heart lung transplant,['heart-lung transplant']
liver transplant quora,['liver transplant']
liver cancer,['liver transplant']
kidney transplant ucla,['kidney transplant']
liver transplant johns hopkins,['liver transplant']
liver transplant side effects,['liver transplant']
kidney transplant box,['kidney transplant']
kidney transplant vanderbilt,['kidney transplant']
where is a kidney transplant location,['kidney transplant']
liver transplant vcu,['liver transplant']
kidney transplant compatibility,['kidney transplant']
lung transplant bone marrow,['lung transplant']
can you share a liver transplant,['liver transplant']
liver transplant medicare,['liver transplant']
kidney transplant quality of life,['kidney transplant']
kidney transplant quarantine,['kidney transplant']
lung transplant bronchoscopy,['lung transplant']
lung transplant evlp,['lung transplant']
kidney transplant bmi,['kidney transplant']
kidney transplant coordinator salary,['kidney transplant']
liver transplant yale,['liver transplant']
pancreas transplant thrombosis,['pancreas transplant']
lung transplant duke,['lung transplant']
lung transplant bronchiolitis obliterans,['lung transplant']
kidney transplant from family member,['kidney transplant']
liver transplant with hep c,['liver transplant']
kidney transplant go bag,['kidney transplant']
liver transplant score,['liver transplant']
kidney transplant glomerular filtration rate,['kidney transplant']
heart transplant organization,['heart transplant']
kidney transplant party ideas,['kidney transplant']
heart transplant for cats,['heart transplant']
heart transplant vs pacemaker,['heart transplant']
kidney transplant recipient,['kidney transplant']
pancreas transplant life expectancy,['pancreas transplant']
heart transplant vs bypass surgery,['heart transplant']
lung transplant vanderbilt,['lung transplant']
heart transplant vs lvad,['heart transplant']
kidney transplant tacrolimus,['kidney transplant']
heart transplant denervation,['heart transplant']
why are liver transplants common,['liver transplant']
kidney transplant games,['kidney transplant']
heart transplant ucla,['heart transplant']
liver transplant osteoporosis,['liver transplant']
liver transplant gofundme,['liver transplant']
pancreas transplant private,['pancreas transplant']
heart transplant exercise guidelines,['heart transplant']
heart transplant after heart attack,['heart transplant']
lung transplant grand rapids mi,['lung transplant']
liver transplant prognosis,['liver transplant']
heart transplant atropine,['heart transplant']
liver transplant biliary complications,['liver transplant']
heart transplant pulmonary veins,['heart-lung transplant']
heart transplant bible verse,['heart transplant']
heart transplant disease,['heart transplant']
liver transplant journal impact factor,['liver transplant']
liver transplant hospitals in florida,['liver transplant']
covid vaccine heart transplant patients,['heart transplant']
heart transplant vaccine requirements,['heart transplant']
kidney transplant oregon,['kidney transplant']
heart transplant priority list,['heart transplant']
jackson browne heart transplant,['heart transplant']
heart transplant minimally invasive,['heart transplant']
liver transplant incision,['liver transplant']
lung transplant jackson memorial hospital,['lung transplant']
when pancreas is removed,['pancreas transplant']
liver transplant post op care,['liver transplant']
xvivo lung transplant,['lung transplant']
kidney transplant breakthrough,['kidney transplant']
kidney transplant can you drink after,['kidney transplant']
liver transplant foundation,['liver transplant']
heart transplant program,['heart transplant']
heart transplant diagnosis code,['heart transplant']
lung transplant germany,['lung transplant']
lung transplant vcu,['lung transplant']
kidney transplant egfr,['kidney transplant']
lung transplant que es,['lung transplant']
liver transplant ribbon,['liver transplant']
heart and lung transplant clinic falls church,['heart-lung transplant']
organ transplantation,['heart transplant']
kidney transplant yale,['kidney transplant']
lung transplant mexico,['lung transplant']
kidney transplant exposure,['kidney transplant']
kidney transplant jackson ms,['kidney transplant']
heart transplant nj,['heart transplant']
heart transplant scar,['heart transplant']
how many liver transplants per year,['liver transplant']
liver transplant quality of life,['liver transplant']
lung transplant numbers,['lung transplant']
lung transplant yale,['lung transplant']
kidney failure,['kidney transplant']
liver transplant nashville tn,['liver transplant']
kidney transplant programs,['kidney transplant']
pancreas transplant numbers,['pancreas transplant']
heart transplant quora,['heart transplant']
liver transplant uva,['liver transplant']
heart transplant mri safety,['heart transplant']
kidney transplant benefits,['kidney transplant']
kidney transplant jamaica,['kidney transplant']
kidney transplant ucsf,['kidney transplant']
liver failure,['liver transplant']
heart transplant one tree hill,['heart transplant']
can you have a lung transplant without a heart transplant,['heart-lung transplant']
how successful are kidney transplants,['kidney transplant']
liver transplant rejection rate,['liver transplant']
kidney transplant fundraiser,['kidney transplant']
pancreas transplant to bladder,['pancreas transplant']
liver transplant foods to avoid,['liver transplant']
liver transplant bilirubin levels,['liver transplant']
liver transplant uptodate,['liver transplant']
heart transplant kidney,['heart transplant']
heart transplant boston,['heart transplant']
domino heart lung transplant,['heart-lung transplant']
heart transplant hospitals in florida,['heart transplant']
kidney transplant jacksonville florida,['kidney transplant']
kidney transplant journal,['kidney transplant']
lung transplant medication side effects,['lung transplant']
lung transplant anniversary,['lung transplant']
lung transplant northwestern,['lung transplant']
kidney transplant in sheikh zayed hospital lahore,['kidney transplant']
lung transplant jefferson,['lung transplant']
heart transplant out,['heart transplant']
liver transplant in spanish,['liver transplant']
kidney transplant in mexico,['kidney transplant']
kidney transplant centers,['kidney transplant']
kidney transplant covid vaccine,['kidney transplant']
kidney transplant virginia,['kidney transplant']
liver transplant grey's anatomy,['liver transplant']
kidney transplant numbers,['kidney transplant']
heart transplant team,['heart transplant']
kidney transplant johns hopkins,['kidney transplant']
lung transplant for stage 4 lung cancer,['lung transplant']
heart transplant procedure step by step,['heart transplant']
heart transplant cost medicare,['heart transplant']
liver transplant gvhd,['liver transplant']
what's a transplant coordinator,['kidney transplant']
trachtenberg liver transplant,['liver transplant']
liver transplant jaundice,['liver transplant']
lung transplant johns hopkins,['lung transplant']
liver transplant vv bypass,['liver transplant']
lung transplant nyu,['lung transplant']
liver transplant ummc,['liver transplant']
lung transplant gifts,['lung transplant']
lung transplant perfusion,['lung transplant']
liver transplant recovery,['liver transplant']
pancreas transplant ct,['pancreas transplant']
kidney transplant belly,['kidney transplant']
lung transplant northwell,['lung transplant']
heart and lung transplant unit mater hospital,['heart-lung transplant']
liver transplant labs,['liver transplant']
heart transplant precautions,['heart transplant']
lung transplant kentucky,['lung transplant']
lung transplant peanut allergy,['lung transplant']
lung transplant boston,['lung transplant']
kidney transplant o positive,['kidney transplant']
has anyone ever had a pancreas transplant,['pancreas transplant']
lung transplant ohio state,['lung transplant']
lung transplant one or two,['lung transplant']
kidney transplant gofundme,['kidney transplant']
liver transplant virginia,['liver transplant']
heart transplant ecg,['heart transplant']
kidney transplant uh,['kidney transplant']
emory pancreas transplant,['pancreas transplant']
kidney transplant vomiting,['kidney transplant']
kidney transplant lupus,['kidney transplant']
liver transplant medications,['liver transplant']
liver transplant protocol,['liver transplant']
heart transplant drg,['heart transplant']
heart transplant patient unvaccinated,['heart transplant']
lung transplant waiting list texas,['lung transplant']
nate robinson kidney transplant,['kidney transplant']
pancreas transplant anesthesia,['pancreas transplant']
kidney transplant foundation,['kidney transplant']
lung transplant quarter,['lung transplant']
lung transplant biopsy pathology outlines,['lung transplant']
kidney transplant options,['kidney transplant']
how kidney donation,['kidney transplant']
liver transplant exception points,['liver transplant']
liver transplant centers,['liver transplant']
why heterotopic heart transplant,['heart transplant']
heart transplant after care,['heart transplant']
kidney transplant vs dialysis survival,['kidney transplant']
when you get a kidney transplant is the old one removed,['kidney transplant']
heart transplant life expectancy child,['heart transplant']
why kidney transplant patient,['kidney transplant']
kidney transplant cpt,['kidney transplant']
kidney transplant uva,['kidney transplant']
pancreas transplant utmc,['pancreas transplant']
belatacept pancreas transplant,['pancreas transplant']
liver transplant grapefruit,['liver transplant']
heart transplant quality of life,['heart transplant']
heart transplant financial assistance,['heart transplant']
kidney transplant osteoporosis,['kidney transplant']
heart transplant awareness,['heart transplant']
heart transplant dietary restrictions,['heart transplant']
heart transplant vs open heart surgery,['heart transplant']
heart transplant journals,['heart transplant']
alfred hospital heart lung transplant unit,['heart-lung transplant']
grey's anatomy lung transplant,['lung transplant']
heart transplant diet,['heart transplant']
kidney transplant jefferson,['kidney transplant']
heart and lung transplant national recovery program,['heart-lung transplant']
lung transplant what to expect,['lung transplant']
heart transplant emotional effects,['heart transplant']
heart transplant guidelines ishlt,['heart transplant']
lung transplant infection,['lung transplant']
heart transplant vanderbilt,['heart transplant']
pancreas transplant exocrine,['pancreas transplant']
heart transplant baylor,['heart transplant']
do they transplant lungs,['lung transplant']
lung transplant gastroparesis,['lung transplant']
kidney transplant personality change,['kidney transplant']
kidney transplant uab,['kidney transplant']
lung transplant ventilator,['lung transplant']
where can you get kidney transplant,['kidney transplant']
liver transplant ct,['liver transplant']
heart transplant ecmo,['heart transplant']
heart transplant transportation,['heart transplant']
heart transplant vasculopathy,['heart transplant']
liver transplant hospital in san antonio,['liver transplant']
heart transplant for chf,['heart transplant']
kidney transplant labs,['kidney transplant']
j heart lung transplant abbreviation,['heart-lung transplant']
liver transplant unmc,['liver transplant']
heart transplant johns hopkins,['heart transplant']
lung transplant emory,['lung transplant']
heart transplant education,['heart transplant']
can a liver transplant kill you,['liver transplant']
lung transplant kansas,['lung transplant']
heart failure,['heart transplant']
kidney transplant after care,['kidney transplant']
kidney transplant ke bad,['kidney transplant']
kidney transplant conferences 2025,['kidney transplant']
lung transplant mayo clinic,['lung transplant']
heart and lung transplant chennai,['heart-lung transplant']
liver transplant compatibility,['liver transplant']
heart lung transplant failure icd,['heart-lung transplant']
liver transplant quebec,['liver transplant']
lung transplant grants,['lung transplant']
liver transplant medicaid,['liver transplant']
heart transplant cost with insurance,['heart transplant']
kidney transplant on ct,['kidney transplant']
heart transplant indications,['heart transplant']
liver transplant hcc,['liver transplant']
kidney transplant jobs,['kidney transplant']
heart transplant status z94 1,['heart transplant']
heart transplant liver,['heart transplant']
heart transplant level 2,['heart transplant']
georgetown pancreas transplant,['pancreas transplant']
liver transplant for cholangiocarcinoma,['liver transplant']
liver transplant anti rejection meds,['liver transplant']
lung transplant education ucsf,['lung transplant']
heart transplant exclusion criteria,['heart transplant']
heart transplant guidelines 2024,['heart transplant']
liver transplant youngstown baby,['liver transplant']
heart transplant fellowship,['heart transplant']
lung transplant waitlist mortality,['lung transplant']
liver transplant coordinator,['liver transplant']
lung transplant cpt code,['lung transplant']
how transplant a plant,['kidney transplant']
kidney transplant abbreviation,['kidney transplant']
kidney transplant mortality rate,['kidney transplant']
liver transplant living donor risks,['liver transplant']
liver transplant orthotopic,['liver transplant']
why does the body reject kidney transplants,['kidney transplant']
pancreas transplant pubmed,['pancreas transplant']
lung transplant longest survivor,['lung transplant']
heart and lung transplant advantages and disadvantages,['heart-lung transplant']
kidney transplant medications list,['kidney transplant']
heart transplant information,['heart transplant']
can you have a single lung transplant,['lung transplant']
who performs lung transplants,['lung transplant']
lung transplant immunosuppression,['lung transplant']
what is liver transplant status,['liver transplant']
kidney transplant questionnaire,['kidney transplant']
lung transplant jake paul,['lung transplant']
lung transplant housing support,['lung transplant']
lung transplant news,['lung transplant']
heart transplant ucsf,['heart transplant']
kidney transplant journey,['kidney transplant']
heart lung transplantation ppt,['heart-lung transplant']
kidney transplant status,['kidney transplant']
how long lung transplant list,['lung transplant']
nick cannon kidney transplant,['kidney transplant']
pancreas transplant cost in canada,['pancreas transplant']
lung transplant mortality rate,['lung transplant']
heart lung block transplant,['heart-lung transplant']
lung transplant edmonton,['lung transplant']
liver transplant hospitals in california,['liver transplant']
lung transplant best hospital in india,['lung transplant']
kidney transplant for dogs,['kidney transplant']
chronic kidney disease,['kidney transplant']
kidney transplant financial assistance,['kidney transplant']
liver transplant georgetown,['liver transplant']
liver transplant weight loss,['liver transplant']
liver transplant odds,['liver transplant']
lung transplant diet,['lung transplant']
heart transplant breakthrough,['heart transplant']
liver transplant journal,['liver transplant']
lung transplant sarcoidosis,['lung transplant']
liver transplant list wait time,['liver transplant']
heart transplant new orleans,['heart transplant']
lung transplant testing,['lung transplant']
liver transplant facts,['liver transplant']
why kidney transplant fails,['kidney transplant']
liver transplant ucsf,['liver transplant']
kidney transplant bk virus,['kidney transplant']
kidney transplant and dental treatment,['kidney transplant']
heart transplant pulmonary artery,['heart-lung transplant']
liver transplant ke bad,['liver transplant']
heart transplant chronic condition,['heart transplant']
kidney transplant surgeon salary,['kidney transplant']
heart transplant ribbon,['heart transplant']
liver transplant dx code,['liver transplant']
heart transplant before and after,['heart transplant']
kidney transplant without removing old kidney,['kidney transplant']
lung transplant risk | brilliant math & science wiki,['lung transplant']
methodist heart and lung transplant,['heart-lung transplant']
heart transplant centers,['heart transplant']
heart and lung transplant coordinator,['heart-lung transplant']
kidney transplant outcomes,['kidney transplant']
liver transplant guidelines 2024,['liver transplant']
heart and lung transplant nurse,['heart-lung transplant']
kidney transplant unmc,['kidney transplant']
liver transplant kidney problems,['liver transplant']
heart transplant cpt,['heart transplant']
heart transplant waiting list texas,['heart transplant']
kidney transplant center rankings,['kidney transplant']
xarelto kidney transplant,['kidney transplant']
deborah heart and lung transplant,['heart-lung transplant']
kidney transplant placement,['kidney transplant']
kidney transplant for cats cost,['kidney transplant']
kidney transplant hair loss,['kidney transplant']
liver transplant bypass,['liver transplant']
liver transplant vumc,['liver transplant']
lung transplant usc,['lung transplant']
liver transplant new orleans,['liver transplant']
pancreas transplant nutrition,['pancreas transplant']
kidney transplant worms,['kidney transplant']
pancreas transplant near me,['pancreas transplant']
kidney transplant quiz,['kidney transplant']
kidney transplant wait time by blood type,['kidney transplant']
lung transplant azithromycin prophylaxis,['lung transplant']
heart transplant facts,['heart transplant']
kidney transplant rejection rate,['kidney transplant']
heart lung transplant surgeon in seawoods,['heart-lung transplant']
kidney transplant jobs near me,['kidney transplant']
heart transplant quality indicators,['heart transplant']
liver transplant diet pdf,['liver transplant']
how long can you live with a transplant heart,['heart transplant']
kidney transplant needed,['kidney transplant']
lung transplant color,['lung transplant']
heart transplant cav,['heart transplant']
lung transplant animation,['lung transplant']
liver transplant diabetes,['liver transplant']
kidney transplant team,['kidney transplant']
what of liver transplants are successful,['liver transplant']
heart transplant qualifications,['heart transplant']
liver transplant testing,['liver transplant']
lung transplant vienna,['lung transplant']
heart transplant memories,['heart transplant']
combined heart lung transplant,['heart-lung transplant']
kidney transplant workup,['kidney transplant']
heart and lung transplant icu uab,['heart-lung transplant']
double lung transplant qualifications,['lung transplant']
liver transplant xray,['liver transplant']
pancreas transplant boston,['pancreas transplant']
liver transplant aftercare,['liver transplant']
liver transplant pittsburgh,['liver transplant']
liver transplant failure symptoms,['liver transplant']
is a pancreas transplant worth it,['pancreas transplant']
heart transplant candidate,['heart transplant']
heart transplant x ray,['heart transplant']
liver transplant questions to ask,['liver transplant']
kidney transplant guidelines,['kidney transplant']
are lung transplants worth it,['lung transplant']
heart transplant icd code,['heart transplant']
freeman heart & lung transplant association,['heart-lung transplant']
liver transplant alternatives,['liver transplant']
lung transplant box,['lung transplant']
