keywords,transplant_type
biopsy after heart transplant,heart
recovery after heart transplant,heart
recovery after liver transplant,liver
post-transplant recovery,general
recovery after kidney transplant,kidney
prednisone side effects,general
levels after heart transplant,heart
sepsis after liver transplant,liver
fever and vomiting after kidney transplant,kidney
pain after lung transplant,lung
returning to work before kidney transplant,kidney
pain after liver transplant,liver
pregnancy after heart transplant,heart
levels after lung transplant,lung
pregnancy after kidney transplant,kidney
pain after kidney transplant,kidney
tacrolimus side effects,general
belatacept side effects,kidney
biopsy after kidney transplant,kidney
driving after heart transplant,heart
ast after kidney transplant,kidney
pain and fever after lung transplant,lung
pain and fatigue after liver transplant,liver
exercise before liver transplant,liver
levels after liver transplant,liver
pain and nausea after liver transplant,liver
levels after kidney transplant,kidney
returning to work after liver transplant,liver
pregnancy before liver transplant,liver
mycophenolate side effects,general
tacrolimus levels,liver
everolimus side effects,general
recovery after lung transplant,lung
diarrhea after heart transplant,heart
pain on belatacept,general
swelling after liver transplant,liver
platelets after kidney transplant,kidney
rejection after kidney transplant,kidney
pain after heart transplant,heart
returning to work after kidney transplant,kidney
virus after heart transplant,heart
diarrhea after liver transplant,liver
infection after kidney transplant,kidney
vaccine after heart transplant,heart
fever after kidney transplant,kidney
sports before lung transplant,lung
tacrolimus levels after kidney transplant,kidney
diet after kidney transplant,kidney
exercise after liver transplant,liver
edema on mycophenolate,general
tacrolimus side effects,kidney
headache and pain on prednisone,general
returning to work after heart transplant,heart
rejection after lung transplant,lung
diet before heart transplant,heart
travel after kidney transplant,kidney
cmv after kidney transplant,kidney
pain and cough after heart transplant,heart
diet after liver transplant,liver
pain and swelling after lung transplant,lung
travel after lung transplant,lung
prednisone side effects,kidney
exercise during kidney transplant,kidney
rejection after heart transplant,heart
creatinine after kidney transplant,kidney
diet before kidney transplant,kidney
recovery after pancreas transplant,pancreas
prednisone side effects,lung
returning to work after lung transplant,lung
wound after liver transplant,liver
tacrolimus levels,general
pregnancy before kidney transplant,kidney
diarrhea after kidney transplant,kidney
exercise after kidney transplant,kidney
alcohol after kidney transplant,kidney
cmv after liver transplant,liver
dizziness and vomiting after heart transplant,heart
prednisone levels,general
fever and pain after kidney transplant,kidney
rejection after liver transplant,liver
bilirubin after liver transplant,liver
infection after liver transplant,liver
tacrolimus side effects,liver
sirolimus side effects,general
belatacept side effects,heart
diet before liver transplant,liver
nausea on sirolimus,general
sepsis after heart transplant,heart
pregnancy after liver transplant,liver
sports after heart transplant,heart
fatigue and fever after liver transplant,liver
bk virus after kidney transplant,kidney
tacrolimus side effects,lung
cmv after heart transplant,heart
pain and swelling after liver transplant,liver
cyclosporine side effects,general
travel before heart transplant,heart
swelling and fatigue after heart transplant,heart
nausea after kidney transplant,kidney
pneumonia after heart transplant,heart
wbc after kidney transplant,kidney
exercise before kidney transplant,kidney
fever and swelling after kidney transplant,kidney
shortness of breath after heart transplant,heart
vomiting on tacrolimus,general
sports after lung transplant,lung
fever and pain on prednisone,general
exercise after heart transplant,heart
fever after pancreas transplant,pancreas
pain and fever after kidney transplant,kidney
sports during kidney transplant,kidney
driving after liver transplant,liver
sports before liver transplant,liver
tacrolimus levels after heart transplant,heart
alcohol before liver transplant,liver
pain after pancreas transplant,pancreas
swelling after kidney transplant,kidney
sports before heart transplant,heart
pain and nausea after heart transplant,heart
biopsy after liver transplant,liver
sports after kidney transplant,kidney
prednisone levels,kidney
nausea and diarrhea after kidney transplant,kidney
driving after kidney transplant,kidney
diet after lung transplant,lung
returning to work during heart transplant,heart
infection after heart transplant,heart
virus after liver transplant,liver
fever after heart transplant,heart
swelling and pain after kidney transplant,kidney
diarrhea and pain after kidney transplant,kidney
cyclosporine side effects,kidney
diet before lung transplant,lung
sepsis after kidney transplant,kidney
edema after heart transplant,heart
shortness of breath after kidney transplant,kidney
sex after kidney transplant,kidney
fatigue after heart transplant,heart
fatigue on tacrolimus,kidney
travel after heart transplant,heart
nausea after liver transplant,liver
mycophenolate levels,general
diet during liver transplant,liver
smoking after kidney transplant,kidney
uti after kidney transplant,kidney
cyclosporine levels,general
pregnancy during liver transplant,liver
mycophenolate side effects,heart
diet after pancreas transplant,pancreas
rash after kidney transplant,kidney
magnesium after liver transplant,liver
platelets after liver transplant,liver
cough after liver transplant,liver
diet after heart transplant,heart
returning to work before liver transplant,liver
travel before liver transplant,liver
returning to work before heart transplant,heart
