search key,type,source
are pancreas transplants available,pancreas transplant,google_complete
are pancreas transplants common,pancreas transplant,google_complete
are pancreas transplants possible,pancreas transplant,google_complete
are pancreas transplants successful,pancreas transplant,google_complete
belatacept pancreas transplant,pancreas transplant,google_complete
best pancreas transplant hospitals,pancreas transplant,google_complete
can a pancreas transplant get rid of diabetes,pancreas transplant,google_complete
can pancreas be transplant,pancreas transplant,google_complete
can pancreas transplant be done,pancreas transplant,google_complete
can you get a pancreas transplant for pancreatitis,pancreas transplant,google_complete
can you transplant your pancreas,pancreas transplant,google_complete
did steve jobs have a pancreas transplant,pancreas transplant,google_complete
do pancreas transplants work,pancreas transplant,google_complete
does pancreas transplant exist,pancreas transplant,google_complete
does pancreas transplant help with diabetes,pancreas transplant,google_complete
emory pancreas transplant,pancreas transplant,google_complete
georgetown pancreas transplant,pancreas transplant,google_complete
has a pancreas ever been transplanted,pancreas transplant,google_complete
has anyone ever had a pancreas transplant,pancreas transplant,google_complete
how common are pancreas transplants,pancreas transplant,google_complete
how dangerous is a pancreas transplant,pancreas transplant,google_complete
how does a pancreas transplant cure diabetes,pancreas transplant,google_complete
how does pancreas transplant work,pancreas transplant,google_complete
how is pancreas transplant done,pancreas transplant,google_complete
how long do pancreas transplants last,pancreas transplant,google_complete
how long does pancreas transplant take,pancreas transplant,google_complete
how long is pancreas transplant surgery,pancreas transplant,google_complete
how many pancreas transplants per year,pancreas transplant,google_complete
how many successful pancreas transplants,pancreas transplant,google_complete
how much is a pancreas transplant uk,pancreas transplant,google_complete
how successful are pancreas transplants,pancreas transplant,google_complete
how to get on pancreas transplant list,pancreas transplant,google_complete
how to get pancreas transplant,pancreas transplant,google_complete
is a pancreas transplant worth it,pancreas transplant,google_complete
is there a pancreas transplant,pancreas transplant,google_complete
kidney pancreas transplant guidelines,pancreas transplant,google_complete
kidney pancreas transplant life expectancy,pancreas transplant,google_complete
kidney pancreas transplant video,pancreas transplant,google_complete
kidney pancreas transplant waiting list,pancreas transplant,google_complete
kya pancreas transplant ho sakta hai,pancreas transplant,google_complete
living pancreas transplant,pancreas transplant,google_complete
ozempic pancreas transplant,pancreas transplant,google_complete
pancreas after kidney transplant,pancreas transplant,google_complete
pancreas and kidney transplant life expectancy,pancreas transplant,google_complete
pancreas kidney transplant,pancreas transplant,google_complete
pancreas kidney transplant icd 10,pancreas transplant,google_complete
pancreas kidney transplant scar,pancreas transplant,google_complete
pancreas kidney transplant survival rates,pancreas transplant,google_complete
pancreas liver transplant,pancreas transplant,google_complete
pancreas only transplant,pancreas transplant,google_complete
pancreas organ transplant,pancreas transplant,google_complete
pancreas transplant advantages and disadvantages,pancreas transplant,google_complete
pancreas transplant after cancer,pancreas transplant,google_complete
pancreas transplant aftercare icd 10,pancreas transplant,google_complete
pancreas transplant age,pancreas transplant,google_complete
pancreas transplant age limit,pancreas transplant,google_complete
pancreas transplant alcohol,pancreas transplant,google_complete
pancreas transplant alone,pancreas transplant,google_complete
pancreas transplant alone (pta),pancreas transplant,google_complete
pancreas transplant anastomosis,pancreas transplant,google_complete
pancreas transplant anatomy,pancreas transplant,google_complete
pancreas transplant anatomy radiology,pancreas transplant,google_complete
pancreas transplant and diabetes,pancreas transplant,google_complete
pancreas transplant anesthesia,pancreas transplant,google_complete
pancreas transplant artery,pancreas transplant,google_complete
pancreas transplant australia,pancreas transplant,google_complete
pancreas transplant bc,pancreas transplant,google_complete
pancreas transplant benefits,pancreas transplant,google_complete
pancreas transplant biopsy,pancreas transplant,google_complete
pancreas transplant bladder,pancreas transplant,google_complete
pancreas transplant bladder drainage,pancreas transplant,google_complete
pancreas transplant blood supply,pancreas transplant,google_complete
pancreas transplant book,pancreas transplant,google_complete
pancreas transplant boston,pancreas transplant,google_complete
pancreas transplant canada,pancreas transplant,google_complete
pancreas transplant cancer treatment,pancreas transplant,google_complete
pancreas transplant candidate,pancreas transplant,google_complete
pancreas transplant centers,pancreas transplant,google_complete
pancreas transplant centres uk,pancreas transplant,google_complete
pancreas transplant complications,pancreas transplant,google_complete
pancreas transplant cost 2024,pancreas transplant,google_complete
pancreas transplant cost in apollo hospital,pancreas transplant,google_complete
pancreas transplant cost in canada,pancreas transplant,google_complete
pancreas transplant cost in pgi chandigarh,pancreas transplant,google_complete
pancreas transplant cost uk private,pancreas transplant,google_complete
pancreas transplant cost usa,pancreas transplant,google_complete
pancreas transplant cost with insurance,pancreas transplant,google_complete
pancreas transplant cpt code,pancreas transplant,google_complete
pancreas transplant criteria,pancreas transplant,google_complete
pancreas transplant ct,pancreas transplant,google_complete
pancreas transplant cure diabetes,pancreas transplant,google_complete
pancreas transplant cure type 1 diabetes,pancreas transplant,google_complete
pancreas transplant cystic fibrosis,pancreas transplant,google_complete
pancreas transplant diabetes,pancreas transplant,google_complete
pancreas transplant diabetes 1,pancreas transplant,google_complete
pancreas transplant diabetes cost,pancreas transplant,google_complete
pancreas transplant diabetes reddit,pancreas transplant,google_complete
pancreas transplant diabetes type 1,pancreas transplant,google_complete
pancreas transplant diabetes type 2,pancreas transplant,google_complete
pancreas transplant diagnosis code,pancreas transplant,google_complete
pancreas transplant diagram,pancreas transplant,google_complete
pancreas transplant doctor,pancreas transplant,google_complete
pancreas transplant donor,pancreas transplant,google_complete
pancreas transplant donor criteria,pancreas transplant,google_complete
pancreas transplant doppler ultrasound,pancreas transplant,google_complete
pancreas transplant drg,pancreas transplant,google_complete
pancreas transplant due to cancer,pancreas transplant,google_complete
pancreas transplant duration,pancreas transplant,google_complete
pancreas transplant eligibility,pancreas transplant,google_complete
pancreas transplant enteric drainage,pancreas transplant,google_complete
pancreas transplant epi,pancreas transplant,google_complete
pancreas transplant evaluation,pancreas transplant,google_complete
pancreas transplant exocrine,pancreas transplant,google_complete
pancreas transplant expenses,pancreas transplant,google_complete
pancreas transplant facts,pancreas transplant,google_complete
pancreas transplant failure,pancreas transplant,google_complete
pancreas transplant for cancer,pancreas transplant,google_complete
pancreas transplant for cancer patients,pancreas transplant,google_complete
pancreas transplant for chronic pancreatitis,pancreas transplant,google_complete
pancreas transplant for diabetes,pancreas transplant,google_complete
pancreas transplant for diabetes cost,pancreas transplant,google_complete
pancreas transplant for diabetes success rate,pancreas transplant,google_complete
pancreas transplant for epi,pancreas transplant,google_complete
pancreas transplant for pancreatic cancer,pancreas transplant,google_complete
pancreas transplant for pancreatitis,pancreas transplant,google_complete
pancreas transplant for t1d,pancreas transplant,google_complete
pancreas transplant for t1dm,pancreas transplant,google_complete
pancreas transplant for type 1 diabetes,pancreas transplant,google_complete
pancreas transplant for type 1 diabetes cost,pancreas transplant,google_complete
pancreas transplant for type 1 diabetes success rate,pancreas transplant,google_complete
pancreas transplant for type 2 diabetes,pancreas transplant,google_complete
pancreas transplant germany,pancreas transplant,google_complete
pancreas transplant graft,pancreas transplant,google_complete
pancreas transplant guidelines,pancreas transplant,google_complete
pancreas transplant history,pancreas transplant,google_complete
pancreas transplant hospital,pancreas transplant,google_complete
pancreas transplant hospital in india,pancreas transplant,google_complete
pancreas transplant hota hai,pancreas transplant,google_complete
pancreas transplant hota hai ki nahin,pancreas transplant,google_complete
pancreas transplant hota hai kya,pancreas transplant,google_complete
pancreas transplant how i do it,pancreas transplant,google_complete
pancreas transplant how long does it last,pancreas transplant,google_complete
pancreas transplant how much does it cost,pancreas transplant,google_complete
pancreas transplant hypoglycemia,pancreas transplant,google_complete
pancreas transplant icd 10,pancreas transplant,google_complete
pancreas transplant images,pancreas transplant,google_complete
pancreas transplant in bangalore,pancreas transplant,google_complete
pancreas transplant in chennai,pancreas transplant,google_complete
pancreas transplant in hindi,pancreas transplant,google_complete
pancreas transplant in hyderabad,pancreas transplant,google_complete
pancreas transplant in india,pancreas transplant,google_complete
pancreas transplant in india in hindi,pancreas transplant,google_complete
pancreas transplant in kenya,pancreas transplant,google_complete
pancreas transplant in kerala,pancreas transplant,google_complete
pancreas transplant in kids,pancreas transplant,google_complete
pancreas transplant in malaysia,pancreas transplant,google_complete
pancreas transplant in mumbai,pancreas transplant,google_complete
pancreas transplant in pakistan,pancreas transplant,google_complete
pancreas transplant in pgi chandigarh,pancreas transplant,google_complete
pancreas transplant in type 1 diabetes,pancreas transplant,google_complete
pancreas transplant in type 2 diabetes,pancreas transplant,google_complete
pancreas transplant incision,pancreas transplant,google_complete
pancreas transplant indications,pancreas transplant,google_complete
pancreas transplant ireland,pancreas transplant,google_complete
pancreas transplant is possible,pancreas transplant,google_complete
pancreas transplant journal,pancreas transplant,google_complete
pancreas transplant kaise hota hai,pancreas transplant,google_complete
pancreas transplant life expectancy,pancreas transplant,google_complete
pancreas transplant lifespan,pancreas transplant,google_complete
pancreas transplant list,pancreas transplant,google_complete
pancreas transplant living donor,pancreas transplant,google_complete
pancreas transplant location,pancreas transplant,google_complete
pancreas transplant mayo clinic,pancreas transplant,google_complete
pancreas transplant meaning,pancreas transplant,google_complete
pancreas transplant medical term,pancreas transplant,google_complete
pancreas transplant medications,pancreas transplant,google_complete
pancreas transplant melbourne,pancreas transplant,google_complete
pancreas transplant mexico,pancreas transplant,google_complete
pancreas transplant monitoring,pancreas transplant,google_complete
pancreas transplant mortality rate,pancreas transplant,google_complete
pancreas transplant name,pancreas transplant,google_complete
pancreas transplant ncbi,pancreas transplant,google_complete
pancreas transplant near me,pancreas transplant,google_complete
pancreas transplant news,pancreas transplant,google_complete
pancreas transplant nhs,pancreas transplant,google_complete
pancreas transplant numbers,pancreas transplant,google_complete
pancreas transplant nutrition,pancreas transplant,google_complete
pancreas transplant nz,pancreas transplant,google_complete
pancreas transplant ontario,pancreas transplant,google_complete
pancreas transplant operation,pancreas transplant,google_complete
pancreas transplant operative steps,pancreas transplant,google_complete
pancreas transplant outcomes,pancreas transplant,google_complete
pancreas transplant overview,pancreas transplant,google_complete
pancreas transplant oxford,pancreas transplant,google_complete
pancreas transplant pakistan,pancreas transplant,google_complete
pancreas transplant pancreatic cancer,pancreas transplant,google_complete
pancreas transplant pancreatitis,pancreas transplant,google_complete
pancreas transplant philippines,pancreas transplant,google_complete
pancreas transplant pig,pancreas transplant,google_complete
pancreas transplant possible,pancreas transplant,google_complete
pancreas transplant possible or not,pancreas transplant,google_complete
pancreas transplant post op care,pancreas transplant,google_complete
pancreas transplant ppt,pancreas transplant,google_complete
pancreas transplant private,pancreas transplant,google_complete
pancreas transplant procedure,pancreas transplant,google_complete
pancreas transplant procedure steps,pancreas transplant,google_complete
pancreas transplant prognosis,pancreas transplant,google_complete
pancreas transplant program,pancreas transplant,google_complete
pancreas transplant protocol,pancreas transplant,google_complete
pancreas transplant pubmed,pancreas transplant,google_complete
pancreas transplant qualifications,pancreas transplant,google_complete
pancreas transplant radiographics,pancreas transplant,google_complete
pancreas transplant radiology,pancreas transplant,google_complete
pancreas transplant radiopaedia,pancreas transplant,google_complete
pancreas transplant rate,pancreas transplant,google_complete
pancreas transplant reasons,pancreas transplant,google_complete
pancreas transplant recipient icd 10,pancreas transplant,google_complete
pancreas transplant recovery,pancreas transplant,google_complete
pancreas transplant recovery time,pancreas transplant,google_complete
pancreas transplant reddit,pancreas transplant,google_complete
pancreas transplant rejection,pancreas transplant,google_complete
pancreas transplant rejection icd 10,pancreas transplant,google_complete
pancreas transplant rejection rate,pancreas transplant,google_complete
pancreas transplant rejection symptoms,pancreas transplant,google_complete
pancreas transplant requirements,pancreas transplant,google_complete
pancreas transplant research,pancreas transplant,google_complete
pancreas transplant risks,pancreas transplant,google_complete
pancreas transplant scar,pancreas transplant,google_complete
pancreas transplant side effects,pancreas transplant,google_complete
pancreas transplant singapore,pancreas transplant,google_complete
pancreas transplant south africa,pancreas transplant,google_complete
pancreas transplant status,pancreas transplant,google_complete
pancreas transplant status icd 10,pancreas transplant,google_complete
pancreas transplant status post icd 10,pancreas transplant,google_complete
pancreas transplant steps,pancreas transplant,google_complete
pancreas transplant steve jobs,pancreas transplant,google_complete
pancreas transplant stories,pancreas transplant,google_complete
pancreas transplant success,pancreas transplant,google_complete
pancreas transplant success rate,pancreas transplant,google_complete
pancreas transplant success rate in india,pancreas transplant,google_complete
pancreas transplant surgeon,pancreas transplant,google_complete
pancreas transplant surgeon in mumbai,pancreas transplant,google_complete
pancreas transplant surgery,pancreas transplant,google_complete
pancreas transplant surgery cost,pancreas transplant,google_complete
pancreas transplant surgery video,pancreas transplant,google_complete
pancreas transplant survival rate,pancreas transplant,google_complete
pancreas transplant t1d,pancreas transplant,google_complete
pancreas transplant technique,pancreas transplant,google_complete
pancreas transplant thrombosis,pancreas transplant,google_complete
pancreas transplant time,pancreas transplant,google_complete
pancreas transplant to bladder,pancreas transplant,google_complete
pancreas transplant to cure diabetes,pancreas transplant,google_complete
pancreas transplant to cure type 1 diabetes,pancreas transplant,google_complete
pancreas transplant toronto,pancreas transplant,google_complete
pancreas transplant turkey,pancreas transplant,google_complete
pancreas transplant type 1,pancreas transplant,google_complete
pancreas transplant type 1 diabetes,pancreas transplant,google_complete
pancreas transplant type 2,pancreas transplant,google_complete
pancreas transplant type 2 diabetes,pancreas transplant,google_complete
pancreas transplant type one diabetes,pancreas transplant,google_complete
pancreas transplant types,pancreas transplant,google_complete
pancreas transplant ucsf,pancreas transplant,google_complete
pancreas transplant uk,pancreas transplant,google_complete
pancreas transplant ultrasound,pancreas transplant,google_complete
pancreas transplant ultrasound protocol,pancreas transplant,google_complete
pancreas transplant ultrasound radiology,pancreas transplant,google_complete
pancreas transplant uptodate,pancreas transplant,google_complete
pancreas transplant usa,pancreas transplant,google_complete
pancreas transplant utmc,pancreas transplant,google_complete
pancreas transplant uva,pancreas transplant,google_complete
pancreas transplant vascular anatomy,pancreas transplant,google_complete
pancreas transplant vasculature,pancreas transplant,google_complete
pancreas transplant vessels,pancreas transplant,google_complete
pancreas transplant video,pancreas transplant,google_complete
pancreas transplant vs islet transplant,pancreas transplant,google_complete
pancreas transplant wait time,pancreas transplant,google_complete
pancreas transplant waiting list,pancreas transplant,google_complete
pancreas transplant waitlist,pancreas transplant,google_complete
pancreas transplant wiki,pancreas transplant,google_complete
pancreas transplant with kidney,pancreas transplant,google_complete
pancreas transplant world first,pancreas transplant,google_complete
pancreas transplant y graft,pancreas transplant,google_complete
pancreas transplant.anatomy y graft,pancreas transplant,google_complete
pancreas transplants per year,pancreas transplant,google_complete
pancreas y graft,pancreas transplant,google_complete
pancreatic transplant bladder anastomosis,pancreas transplant,google_complete
pancreatic transplant to bladder,pancreas transplant,google_complete
pancreatic transplant urethral injury,pancreas transplant,google_complete
pancreatic transplant y graft,pancreas transplant,google_complete
pancreatitis liver transplant,pancreas transplant,google_complete
private pancreas transplant uk,pancreas transplant,google_complete
simultaneous pancreas kidney transplant,pancreas transplant,google_complete
simultaneous pancreas kidney transplant scar,pancreas transplant,google_complete
simultaneous pancreas kidney transplant spk,pancreas transplant,google_complete
spontaneous pancreas kidney transplant,pancreas transplant,google_complete
transplant of pancreas,pancreas transplant,google_complete
vanderbilt kidney pancreas transplant madison al,pancreas transplant,google_complete
what does a pancreas transplant cost,pancreas transplant,google_complete
what does a pancreas transplant do,pancreas transplant,google_complete
what happens if pancreas transplant fails,pancreas transplant,google_complete
what is pancreas transplant,pancreas transplant,google_complete
when a pancreas transplant has enteric drainage,pancreas transplant,google_complete
when did pancreas transplants start,pancreas transplant,google_complete
when do you need a pancreas transplant,pancreas transplant,google_complete
when is a pancreas transplant needed,pancreas transplant,google_complete
when pancreas is removed,pancreas transplant,google_complete
when was first pancreas transplant,pancreas transplant,google_complete
when was the first pancreas transplant,pancreas transplant,google_complete
where can i get a pancreas transplant,pancreas transplant,google_complete
where does a pancreas transplant go,pancreas transplant,google_complete
where does a transplanted pancreas go,pancreas transplant,google_complete
where is a transplanted pancreas placed,pancreas transplant,google_complete
where to get pancreas transplant,pancreas transplant,google_complete
who can get a pancreas transplant,pancreas transplant,google_complete
who did the first pancreas transplant,pancreas transplant,google_complete
who does pancreas transplants,pancreas transplant,google_complete
who gets a pancreas transplant,pancreas transplant,google_complete
who is eligible for a pancreas transplant,pancreas transplant,google_complete
who needs pancreas transplant,pancreas transplant,google_complete
who qualifies for pancreas transplant,pancreas transplant,google_complete
whole pancreas transplant,pancreas transplant,google_complete
why are pancreas transplants rare,pancreas transplant,google_complete
why can pancreas be transplanted,pancreas transplant,google_complete
why can you not get a pancreas transplant,pancreas transplant,google_complete
why can't a pancreas be transplanted,pancreas transplant,google_complete
why don't pancreas transplants work,pancreas transplant,google_complete
why don't they do pancreas transplants,pancreas transplant,google_complete
why get a pancreas transplant,pancreas transplant,google_complete
why is pancreas transplant rarely done,pancreas transplant,google_complete
why no pancreas transplant,pancreas transplant,google_complete
why pancreas cannot be transplanted,pancreas transplant,google_complete
why pancreas transplant,pancreas transplant,google_complete
why would you need a pancreas transplant,pancreas transplant,google_complete
will pancreas transplant cure diabetes,pancreas transplant,google_complete
