search_term,value,base_keyword,tag,type
pig heart,100,heart transplant,top,query
heart transplant pig heart,96,heart transplant,top,query
first heart transplant,93,heart transplant,top,query
what is a heart transplant,61,heart transplant,top,query
heart transplant surgery,56,heart transplant,top,query
the first heart transplant,42,heart transplant,top,query
heart failure,41,heart transplant,top,query
kidney transplant,40,heart transplant,top,query
heart transplant cost,35,heart transplant,top,query
lung transplant,31,heart transplant,top,query
heart transplant list,29,heart transplant,top,query
heart transplant movie,26,heart transplant,top,query
liver transplant,25,heart transplant,top,query
heart disease,23,heart transplant,top,query
heart transplant rejection,22,heart transplant,top,query
heart transplant survival rate,19,heart transplant,top,query
heart transplant life expectancy,17,heart transplant,top,query
heart transplant icd 10,17,heart transplant,top,query
artificial heart,13,heart transplant,top,query
artificial heart transplant,13,heart transplant,top,query
how much is a heart transplant,12,heart transplant,top,query
pediatric heart transplant,12,heart transplant,top,query
cheney heart transplant,12,heart transplant,top,query
pig heart transplant to human,11,heart transplant,top,query
dick cheney heart transplant,11,heart transplant,top,query
pig heart transplant dies,55600,heart transplant,rising,query
alaska man heart transplant,41000,heart transplant,rising,query
pig heart transplant update,40350,heart transplant,rising,query
covid vaccine heart transplant patients,27800,heart transplant,rising,query
david bennett heart transplant,22450,heart transplant,rising,query
jackson browne heart transplant,17650,heart transplant,rising,query
heart transplant patient unvaccinated,8200,heart transplant,rising,query
dr victor chang first heart transplant,8100,heart transplant,rising,query
patrick holland heart transplant,7850,heart transplant,rising,query
first pig heart transplant to-human,7450,heart transplant,rising,query
alaska man misses heart transplant,5450,heart transplant,rising,query
amy silverstein heart transplant,900,heart transplant,rising,query
pig heart,900,heart transplant,rising,query
heart transplant pig heart,850,heart transplant,rising,query
heart transplant from pig,500,heart transplant,rising,query
pig heart transplant to human,500,heart transplant,rising,query
partial heart transplant,350,heart transplant,rising,query
robotic heart transplant,300,heart transplant,rising,query
pigs heart transplant,250,heart transplant,rising,query
where did the first heart transplant take place,200,heart transplant,rising,query
do you die during a heart transplant,170,heart transplant,rising,query
heart transplant survival rate,80,heart transplant,rising,query
dcd heart transplant,80,heart transplant,rising,query
what is a heart transplant,80,heart transplant,rising,query
how long is a heart transplant surgery,70,heart transplant,rising,query
can you transplant a liver,100,liver transplant,top,query
liver transplant donor,83,liver transplant,top,query
kidney transplant,80,liver transplant,top,query
liver disease,75,liver transplant,top,query
cirrhosis,74,liver transplant,top,query
liver cirrhosis,69,liver transplant,top,query
trachtenberg liver transplant,69,liver transplant,top,query
michelle trachtenberg,69,liver transplant,top,query
michelle trachtenberg liver transplant,67,liver transplant,top,query
liver transplant surgery,64,liver transplant,top,query
live liver transplant,62,liver transplant,top,query
liver transplant list,60,liver transplant,top,query
liver cancer,57,liver transplant,top,query
liver transplant icd 10,52,liver transplant,top,query
liver transplant criteria,50,liver transplant,top,query
liver transplant cost,49,liver transplant,top,query
liver failure,48,liver transplant,top,query
living liver transplant,48,liver transplant,top,query
liver transplant survival,45,liver transplant,top,query
can you get a liver transplant,39,liver transplant,top,query
living donor liver transplant,37,liver transplant,top,query
liver transplant life expectancy,33,liver transplant,top,query
liver transplant survival rate,30,liver transplant,top,query
liver transplant rejection,30,liver transplant,top,query
liver transplant recovery,29,liver transplant,top,query
trachtenberg liver transplant,349500,liver transplant,rising,query
michelle trachtenberg,349400,liver transplant,rising,query
michelle trachtenberg liver transplant why,118250,liver transplant,rising,query
did michelle trachtenberg have a liver transplant,68650,liver transplant,rising,query
why did michelle trachtenberg have a liver transplant,64200,liver transplant,rising,query
michelle trachtenberg liver transplant,50350,liver transplant,rising,query
michelle trachtenberg cause of death,35050,liver transplant,rising,query
why did michelle trachtenberg need a liver transplant,23550,liver transplant,rising,query
bernie kosar liver transplant,11250,liver transplant,rising,query
why did michelle trachtenberg get a liver transplant,10700,liver transplant,rising,query
michelle trachtenberg illness,7750,liver transplant,rising,query
why did michelle have a liver transplant,7350,liver transplant,rising,query
liver transplant survival rate by age,1000,liver transplant,rising,query
why would someone need a liver transplant,200,liver transplant,rising,query
pig liver transplant,180,liver transplant,rising,query
can an alcoholic get a liver transplant,120,liver transplant,rising,query
why would you need a liver transplant,100,liver transplant,rising,query
can you get a liver transplant,90,liver transplant,rising,query
can you do a liver transplant,90,liver transplant,rising,query
how hard is it to get a liver transplant,80,liver transplant,rising,query
david crosby liver transplant,60,liver transplant,rising,query
can you have a liver transplant,60,liver transplant,rising,query
how long does it take to get a liver transplant,60,liver transplant,rising,query
how much is a liver transplant,60,liver transplant,rising,query
can you transplant a liver,60,liver transplant,rising,query
after kidney transplant,100,kidney transplant,top,query
what is a kidney transplant,37,kidney transplant,top,query
kidney disease,31,kidney transplant,top,query
kidney transplant surgery,29,kidney transplant,top,query
icd 10 kidney transplant,27,kidney transplant,top,query
kidney transplant donor,26,kidney transplant,top,query
dialysis,24,kidney transplant,top,query
kidney dialysis,24,kidney transplant,top,query
liver transplant,24,kidney transplant,top,query
kidney failure,22,kidney transplant,top,query
kidney transplant center,22,kidney transplant,top,query
kidney transplant rejection,20,kidney transplant,top,query
post kidney transplant,20,kidney transplant,top,query
kidney transplant list,19,kidney transplant,top,query
kidney transplant cost,19,kidney transplant,top,query
selena kidney transplant,18,kidney transplant,top,query
kidney transplant pig,17,kidney transplant,top,query
selena gomez,16,kidney transplant,top,query
selena gomez kidney transplant,16,kidney transplant,top,query
first kidney transplant,14,kidney transplant,top,query
kidney transplant recovery,11,kidney transplant,top,query
can you get a kidney transplant,9,kidney transplant,top,query
how much is a kidney transplant,8,kidney transplant,top,query
kidney pancreas transplant,8,kidney transplant,top,query
how much is a kidney,8,kidney transplant,top,query
bert kreischer,20800,kidney transplant,rising,query
bert kreischer kidney transplant,20750,kidney transplant,rising,query
pig kidney transplant update,11100,kidney transplant,rising,query
hai stands for,11050,kidney transplant,rising,query
pig kidney transplant dies,10200,kidney transplant,rising,query
fowler's position,10050,kidney transplant,rising,query
kidney transplant covid vaccine,9700,kidney transplant,rising,query
nate robinson kidney transplant,8750,kidney transplant,rising,query
joslyn james kidney transplant,5650,kidney transplant,rising,query
kidney transplant pig,2100,kidney transplant,rising,query
pig kidney transplant to human,1150,kidney transplant,rising,query
pig kidney transplant died,850,kidney transplant,rising,query
nick cannon kidney transplant,250,kidney transplant,rising,query
selena gomez health kidney transplant,200,kidney transplant,rising,query
how much is a kidney transplant,80,kidney transplant,rising,query
how much is a kidney,80,kidney transplant,rising,query
selena gomez kidney transplant donor,80,kidney transplant,rising,query
what is a kidney transplant,80,kidney transplant,rising,query
can you get a kidney transplant,80,kidney transplant,rising,query
kidney transplant near me,60,kidney transplant,rising,query
how much for a kidney transplant,60,kidney transplant,rising,query
tacrolimus,50,kidney transplant,rising,query
kidney transplant centers near me,50,kidney transplant,rising,query
kidney transplant waiting list by state,50,kidney transplant,rising,query
how long can you live with a kidney transplant,50,kidney transplant,rising,query
double lung transplant,100,lung transplant,top,query
heart transplant,59,lung transplant,top,query
heart lung transplant,55,lung transplant,top,query
lung transplant survival,48,lung transplant,top,query
lung transplant survival rate,33,lung transplant,top,query
lung transplant surgery,33,lung transplant,top,query
covid lung transplant,29,lung transplant,top,query
lung transplant cost,29,lung transplant,top,query
lung transplant life expectancy,28,lung transplant,top,query
lung transplant cystic fibrosis,23,lung transplant,top,query
cystic fibrosis,23,lung transplant,top,query
lung transplant rejection,22,lung transplant,top,query
lung transplant icd 10,22,lung transplant,top,query
lung transplant list,20,lung transplant,top,query
kidney transplant,20,lung transplant,top,query
liver transplant,20,lung transplant,top,query
heart and lung transplant,19,lung transplant,top,query
copd lung transplant,18,lung transplant,top,query
copd,18,lung transplant,top,query
lung transplant center,18,lung transplant,top,query
can you get a lung transplant,17,lung transplant,top,query
first lung transplant,16,lung transplant,top,query
ben askren lung transplant,16,lung transplant,top,query
ben askren,16,lung transplant,top,query
pulmonary fibrosis lung transplant,15,lung transplant,top,query
ben askren lung transplant,157300,lung transplant,rising,query
ben askren double lung transplant,63250,lung transplant,rising,query
ben askren,29800,lung transplant,rising,query
why did ben askren need a lung transplant,25200,lung transplant,rising,query
why does ben askren need a lung transplant,6950,lung transplant,rising,query
why did ben askren need a double lung transplant,1600,lung transplant,rising,query
double lung transplant survival rates by age,900,lung transplant,rising,query
who paid for ben askren lung transplant,600,lung transplant,rising,query
how much is a double lung transplant,550,lung transplant,rising,query
lung transplant survival rates 2020,350,lung transplant,rising,query
pig lung transplant,250,lung transplant,rising,query
which statement is true about both lung transplant and bullectomy?,190,lung transplant,rising,query
lung transplant survival rates by age,190,lung transplant,rising,query
how much does a double lung transplant cost,170,lung transplant,rising,query
lung transplant for covid,160,lung transplant,rising,query
clad lung transplant,140,lung transplant,rising,query
how much is a lung transplant,110,lung transplant,rising,query
double lung transplant cost,110,lung transplant,rising,query
is lung transplant possible,70,lung transplant,rising,query
double lung transplant survival rate,70,lung transplant,rising,query
life expectancy after double lung transplant,60,lung transplant,rising,query
lung transplant survival rate,60,lung transplant,rising,query
can you have a lung transplant,60,lung transplant,rising,query
can you get a lung transplant,50,lung transplant,rising,query
kidney transplant,100,pancreas transplant,top,query
pancreas transplant diabetes,73,pancreas transplant,top,query
kidney and pancreas transplant,46,pancreas transplant,top,query
pancreas transplant cancer,35,pancreas transplant,top,query
can you get a pancreas transplant,32,pancreas transplant,top,query
pancreas transplant for diabetes,32,pancreas transplant,top,query
pancreas transplant icd 10,24,pancreas transplant,top,query
pancreas transplant cost,23,pancreas transplant,top,query
pancreas transplant for cancer,17,pancreas transplant,top,query
can you have a pancreas transplant,17,pancreas transplant,top,query
pancreas transplant for type 1 diabetes,15,pancreas transplant,top,query
pancreas transplant surgery,15,pancreas transplant,top,query
pig pancreas transplant,3,pancreas transplant,top,query
pig pancreas transplant,150,pancreas transplant,rising,query
can you get a pancreas transplant,70,pancreas transplant,rising,query
can you have a pancreas transplant,60,pancreas transplant,rising,query
Organ transplantation,100,heart transplant,top,topic
Heart,100,heart transplant,top,topic
Heart transplantation,98,heart transplant,top,topic
Pig,8,heart transplant,top,topic
Patient,7,heart transplant,top,topic
Surgery,5,heart transplant,top,topic
Kidney,4,heart transplant,top,topic
Heart failure,3,heart transplant,top,topic
Hospital,3,heart transplant,top,topic
Lung,3,heart transplant,top,topic
Human,3,heart transplant,top,topic
Disease,3,heart transplant,top,topic
Kidney transplantation,3,heart transplant,top,topic
Organ,3,heart transplant,top,topic
Life,2,heart transplant,top,topic
Lung transplantation,2,heart transplant,top,topic
Liver,2,heart transplant,top,topic
Survival rate,2,heart transplant,top,topic
Life expectancy,2,heart transplant,top,topic
Donation,2,heart transplant,top,topic
Liver transplantation,1,heart transplant,top,topic
Artificial heart,1,heart transplant,top,topic
ICD-10,1,heart transplant,top,topic
ICD-10-CM,1,heart transplant,top,topic
Organ donation,1,heart transplant,top,topic
Pig,Breakout,heart transplant,rising,topic
Asian bleeding-heart,Breakout,heart transplant,rising,topic
long,Breakout,heart transplant,rising,topic
live,Breakout,heart transplant,rising,topic
Waiting list,"+4,550%",heart transplant,rising,topic
ICD-10-CM,+950%,heart transplant,rising,topic
Organ donation,+550%,heart transplant,rising,topic
Chronic condition,+500%,heart transplant,rising,topic
Cardiologist,+450%,heart transplant,rising,topic
Dicentra,+400%,heart transplant,rising,topic
Human,+190%,heart transplant,rising,topic
Life,+160%,heart transplant,rising,topic
Survival rate,+70%,heart transplant,rising,topic
Liver,100,liver transplant,top,topic
Organ transplantation,100,liver transplant,top,topic
Liver transplantation,95,liver transplant,top,topic
Patient,6,liver transplant,top,topic
Kidney,5,liver transplant,top,topic
Donation,5,liver transplant,top,topic
Disease,5,liver transplant,top,topic
Cirrhosis,4,liver transplant,top,topic
Hospital,4,liver transplant,top,topic
Michelle Trachtenberg,4,liver transplant,top,topic
Surgery,4,liver transplant,top,topic
Liver disease,3,liver transplant,top,topic
Kidney transplantation,3,liver transplant,top,topic
Cancer,3,liver transplant,top,topic
ICD-10,2,liver transplant,top,topic
Alcoholic beverage,2,liver transplant,top,topic
Liver failure,2,liver transplant,top,topic
Life,2,liver transplant,top,topic
Heart,2,liver transplant,top,topic
Survival rate,2,liver transplant,top,topic
Life expectancy,2,liver transplant,top,topic
Model for End-Stage Liver Disease,2,liver transplant,top,topic
Organ,2,liver transplant,top,topic
Alcoholism,1,liver transplant,top,topic
Organ donation,1,liver transplant,top,topic
Michelle Trachtenberg,Breakout,liver transplant,rising,topic
Waiting list,Breakout,liver transplant,rising,topic
extant,Breakout,liver transplant,rising,topic
Mayo,Breakout,liver transplant,rising,topic
Diagnosis,Breakout,liver transplant,rising,topic
live,Breakout,liver transplant,rising,topic
Organ donation,"+1,500%",liver transplant,rising,topic
ICD-10-CM,"+1,150%",liver transplant,rising,topic
"University of California, San Francisco",+650%,liver transplant,rising,topic
Cause of death,+550%,liver transplant,rising,topic
Chronic condition,+400%,liver transplant,rising,topic
Life,+130%,liver transplant,rising,topic
Alcoholic beverage,+70%,liver transplant,rising,topic
Survival rate,+50%,liver transplant,rising,topic
Kidney,100,kidney transplant,top,topic
Organ transplantation,96,kidney transplant,top,topic
Kidney transplantation,87,kidney transplant,top,topic
Patient,10,kidney transplant,top,topic
Disease,5,kidney transplant,top,topic
Donation,5,kidney transplant,top,topic
Surgery,4,kidney transplant,top,topic
Hospital,4,kidney transplant,top,topic
Blood,4,kidney transplant,top,topic
Kidney dialysis,3,kidney transplant,top,topic
Liver,3,kidney transplant,top,topic
ICD-10,3,kidney transplant,top,topic
Kidney disease,3,kidney transplant,top,topic
Selena Gomez,3,kidney transplant,top,topic
Pharmaceutical drug,2,kidney transplant,top,topic
Heart,2,kidney transplant,top,topic
Kidney failure,2,kidney transplant,top,topic
Organ,2,kidney transplant,top,topic
Chronic kidney disease,2,kidney transplant,top,topic
Liver transplantation,2,kidney transplant,top,topic
Pig,2,kidney transplant,top,topic
Life,2,kidney transplant,top,topic
ICD-10-CM,2,kidney transplant,top,topic
Urine,1,kidney transplant,top,topic
Organ donation,1,kidney transplant,top,topic
Selena Gomez kidney transplant,Breakout,kidney transplant,rising,topic
Mayo,Breakout,kidney transplant,rising,topic
Chronic kidney disease,Breakout,kidney transplant,rising,topic
Pig,Breakout,kidney transplant,rising,topic
Diagnosis,Breakout,kidney transplant,rising,topic
Nurse,"+1,300%",kidney transplant,rising,topic
ICD-10-CM,"+1,250%",kidney transplant,rising,topic
Glomerular filtration rate,+850%,kidney transplant,rising,topic
Organ donation,+850%,kidney transplant,rising,topic
Chronic condition,+450%,kidney transplant,rising,topic
Life,+120%,kidney transplant,rising,topic
Urine,+60%,kidney transplant,rising,topic
Patient,+50%,kidney transplant,rising,topic
Kidney disease,+40%,kidney transplant,rising,topic
Organ transplantation,100,lung transplant,top,topic
Lung,100,lung transplant,top,topic
Lung transplantation,91,lung transplant,top,topic
Fibrosis,12,lung transplant,top,topic
Cystic fibrosis,12,lung transplant,top,topic
Patient,10,lung transplant,top,topic
Heart,7,lung transplant,top,topic
Scar,6,lung transplant,top,topic
Surgery,5,lung transplant,top,topic
Cure,5,lung transplant,top,topic
Disease,4,lung transplant,top,topic
Life,4,lung transplant,top,topic
Exercise,4,lung transplant,top,topic
Hospital,4,lung transplant,top,topic
Diagnosis,3,lung transplant,top,topic
Rate,3,lung transplant,top,topic
Kidney,3,lung transplant,top,topic
Life expectancy,3,lung transplant,top,topic
Cancer,3,lung transplant,top,topic
Survival rate,3,lung transplant,top,topic
Human body,3,lung transplant,top,topic
used,3,lung transplant,top,topic
Liver,3,lung transplant,top,topic
Kidney failure,2,lung transplant,top,topic
connect,2,lung transplant,top,topic
Scar,Breakout,lung transplant,rising,topic
Exercise,Breakout,lung transplant,rising,topic
Human body,Breakout,lung transplant,rising,topic
used,Breakout,lung transplant,rising,topic
Kidney failure,Breakout,lung transplant,rising,topic
connect,Breakout,lung transplant,rising,topic
Bronchoscopy,Breakout,lung transplant,rising,topic
Interstitial lung disease,Breakout,lung transplant,rising,topic
Health care,Breakout,lung transplant,rising,topic
Sarcoidosis,Breakout,lung transplant,rising,topic
Bone marrow,Breakout,lung transplant,rising,topic
Risk | Brilliant Math & Science Wiki,Breakout,lung transplant,rising,topic
Cardiopulmonary bypass,Breakout,lung transplant,rising,topic
Diagnosis,+200%,lung transplant,rising,topic
Liver,+140%,lung transplant,rising,topic
Kidney,+70%,lung transplant,rising,topic
Patient,+60%,lung transplant,rising,topic
Heart,+50%,lung transplant,rising,topic
Cure,+50%,lung transplant,rising,topic
Pancreas,100,pancreas transplant,top,topic
Organ transplantation,97,pancreas transplant,top,topic
Pancreas transplantation,76,pancreas transplant,top,topic
Kidney,20,pancreas transplant,top,topic
Diabetes,17,pancreas transplant,top,topic
Cure,13,pancreas transplant,top,topic
Cause,10,pancreas transplant,top,topic
Type 1 diabetes,9,pancreas transplant,top,topic
Disease,6,pancreas transplant,top,topic
Liver transplantation,5,pancreas transplant,top,topic
Cancer,4,pancreas transplant,top,topic
Kidney transplantation,4,pancreas transplant,top,topic
Liver,3,pancreas transplant,top,topic
Cause,+200%,pancreas transplant,rising,topic
Cure,+80%,pancreas transplant,rising,topic
